uid;start_dttm;stop_dttm;start_station;stop_station
1;16.10.2024 0:34;16.10.2024 1:50;33;229
1;12.01.2024 1:34;12.01.2024 1:59;140;16
1;01.05.2024 18:05;01.05.2024 19:18;232;239
1;24.05.2024 1:24;24.05.2024 2:31;249;2
1;18.06.2024 19:11;18.06.2024 20:22;207;201
1;08.07.2024 5:34;08.07.2024 7:02;210;66
1;01.03.2024 15:51;01.03.2024 16:15;11;71
1;01.09.2024 10:24;01.09.2024 11:05;11;27
1;25.09.2024 19:29;25.09.2024 19:41;182;239
1;07.11.2024 16:03;07.11.2024 17:23;27;210
1;13.11.2024 19:08;13.11.2024 20:18;37;121
1;15.09.2024 2:31;15.09.2024 3:56;235;180
1;15.06.2024 1:32;15.06.2024 2:45;129;187
1;28.01.2024 7:05;28.01.2024 8:19;146;202
1;11.02.2024 18:09;11.02.2024 19:11;42;221
1;01.07.2024 2:31;01.07.2024 2:51;215;228
1;01.10.2024 12:59;01.10.2024 13:08;48;57
1;19.11.2024 19:02;19.11.2024 19:04;198;101
1;13.10.2024 9:13;13.10.2024 10:23;205;33
1;02.05.2024 6:36;02.05.2024 7:49;256;115
1;02.12.2024 0:22;02.12.2024 1:14;186;200
1;24.12.2024 3:26;24.12.2024 3:40;228;156
1;16.02.2024 17:25;16.02.2024 17:48;128;17
1;11.04.2024 17:47;11.04.2024 18:24;124;81
1;04.03.2024 17:49;04.03.2024 19:04;93;248
1;05.08.2024 14:19;05.08.2024 15:10;144;77
1;24.11.2024 22:24;24.11.2024 23:25;79;218
1;11.03.2024 19:13;11.03.2024 20:17;131;176
1;06.03.2024 8:46;06.03.2024 9:19;206;21
1;24.05.2024 1:11;24.05.2024 1:12;39;138
1;01.12.2024 9:18;01.12.2024 9:41;135;225
1;15.07.2024 3:23;15.07.2024 3:31;76;51
1;22.09.2024 10:14;22.09.2024 11:27;189;82
1;08.11.2024 13:42;08.11.2024 15:04;139;123
1;20.06.2024 20:04;20.06.2024 20:37;188;111
1;27.09.2024 19:01;27.09.2024 20:29;61;213
1;08.09.2024 4:24;08.09.2024 5:14;74;106
1;06.07.2024 1:36;06.07.2024 1:50;159;16
1;10.08.2024 16:53;10.08.2024 18:12;77;96
1;15.04.2024 6:44;15.04.2024 7:12;159;50
1;19.08.2024 22:55;19.08.2024 23:14;182;249
1;11.11.2024 17:18;11.11.2024 17:54;154;135
1;25.01.2024 14:18;25.01.2024 14:25;203;204
1;10.12.2024 18:41;10.12.2024 19:33;174;78
1;17.07.2024 3:20;17.07.2024 4:41;227;202
1;28.03.2024 4:59;28.03.2024 5:14;238;244
1;16.04.2024 4:56;16.04.2024 5:45;44;120
1;08.08.2024 18:38;08.08.2024 19:11;2;172
1;01.08.2024 0:13;01.08.2024 0:32;57;6
1;10.01.2024 11:55;10.01.2024 11:57;226;67
1;10.06.2024 9:38;10.06.2024 10:16;93;220
1;23.03.2024 5:40;23.03.2024 5:51;135;212
1;21.11.2024 7:48;21.11.2024 8:46;136;123
1;05.07.2024 14:11;05.07.2024 14:59;225;236
1;14.12.2024 7:49;14.12.2024 9:17;176;56
1;23.06.2024 21:09;23.06.2024 21:55;28;110
1;25.06.2024 10:49;25.06.2024 11:31;59;154
1;25.02.2024 14:39;25.02.2024 16:06;167;63
1;05.10.2024 7:56;05.10.2024 8:58;83;77
1;24.08.2024 9:08;24.08.2024 9:30;236;192
1;12.02.2024 2:22;12.02.2024 2:46;137;101
1;28.05.2024 17:40;28.05.2024 17:49;37;78
1;04.04.2024 5:39;04.04.2024 5:52;239;62
1;18.01.2024 1:19;18.01.2024 1:55;206;223
1;25.01.2024 10:30;25.01.2024 10:40;114;140
1;15.05.2024 9:18;15.05.2024 10:47;146;79
1;06.01.2024 23:47;07.01.2024 1:10;2;213
1;21.05.2024 16:45;21.05.2024 17:58;163;9
1;01.08.2024 19:04;01.08.2024 19:59;201;105
1;11.05.2024 16:40;11.05.2024 16:49;236;53
1;01.07.2024 10:16;01.07.2024 11:05;98;6
1;01.09.2024 20:08;01.09.2024 20:36;96;212
1;16.08.2024 11:39;16.08.2024 13:00;6;214
1;26.12.2024 15:35;26.12.2024 16:50;6;86
1;22.05.2024 15:00;22.05.2024 16:28;139;181
1;15.01.2024 8:25;15.01.2024 8:53;44;114
1;06.01.2024 14:28;06.01.2024 14:31;207;31
1;18.12.2024 7:46;18.12.2024 8:06;33;62
1;11.08.2024 6:45;11.08.2024 7:53;70;92
1;17.02.2024 19:03;17.02.2024 19:22;134;25
1;08.02.2024 4:42;08.02.2024 4:55;233;150
1;10.07.2024 0:55;10.07.2024 1:02;109;230
1;23.04.2024 12:53;23.04.2024 13:40;252;216
1;26.02.2024 17:45;26.02.2024 18:56;131;2
1;02.10.2024 8:30;02.10.2024 9:56;41;123
1;14.04.2024 8:49;14.04.2024 9:17;54;36
1;04.03.2024 8:56;04.03.2024 9:03;126;242
1;10.06.2024 5:39;10.06.2024 5:41;196;26
1;12.10.2024 1:17;12.10.2024 1:19;222;217
1;11.05.2024 20:44;11.05.2024 21:29;214;69
1;25.06.2024 7:53;25.06.2024 9:21;20;141
1;13.06.2024 10:14;13.06.2024 11:33;199;172
1;08.03.2024 4:30;08.03.2024 5:59;72;202
1;08.12.2024 12:15;08.12.2024 13:35;256;25
1;28.03.2024 14:11;28.03.2024 14:18;14;130
1;22.02.2024 17:59;22.02.2024 19:16;155;213
1;15.09.2024 10:42;15.09.2024 11:21;113;155
2;25.05.2024 23:25;26.05.2024 0:08;101;237
2;18.04.2024 7:56;18.04.2024 9:22;129;160
2;04.12.2024 16:31;04.12.2024 17:42;157;195
2;20.07.2024 6:51;20.07.2024 7:26;101;184
2;05.12.2024 13:08;05.12.2024 14:02;92;92
2;13.04.2024 14:38;13.04.2024 16:01;168;138
2;25.04.2024 21:10;25.04.2024 21:28;254;109
2;22.09.2024 18:21;22.09.2024 18:58;144;256
2;11.07.2024 7:25;11.07.2024 7:48;116;179
2;06.09.2024 16:36;06.09.2024 17:40;249;240
2;05.07.2024 19:49;05.07.2024 21:09;27;193
2;12.03.2024 5:48;12.03.2024 7:14;15;141
2;20.09.2024 4:06;20.09.2024 4:16;19;175
2;01.05.2024 20:16;01.05.2024 20:19;36;218
2;10.01.2024 9:52;10.01.2024 10:25;245;23
2;25.02.2024 9:53;25.02.2024 11:06;79;57
2;27.12.2024 15:36;27.12.2024 16:44;38;46
2;02.08.2024 18:16;02.08.2024 19:33;244;208
2;14.08.2024 5:22;14.08.2024 6:13;142;111
2;24.06.2024 4:13;24.06.2024 4:33;55;203
3;16.11.2024 2:47;16.11.2024 3:54;86;14
3;03.07.2024 17:18;03.07.2024 17:54;61;15
3;28.11.2024 8:41;28.11.2024 9:36;179;16
3;04.10.2024 7:05;04.10.2024 7:50;105;23
3;11.12.2024 7:59;11.12.2024 9:08;142;24
3;10.09.2024 12:52;10.09.2024 14:08;177;28
3;17.12.2024 16:37;17.12.2024 18:04;94;33
3;12.01.2024 21:04;12.01.2024 21:34;122;42
3;02.08.2024 9:57;02.08.2024 11:25;93;42
3;28.09.2024 17:05;28.09.2024 18:01;234;46
3;14.01.2024 1:43;14.01.2024 2:54;59;60
3;13.12.2024 17:07;13.12.2024 18:07;16;61
3;19.05.2024 13:21;19.05.2024 14:16;3;72
3;28.07.2024 8:16;28.07.2024 9:03;211;82
3;02.01.2024 18:04;02.01.2024 19:03;56;90
3;26.06.2024 22:13;26.06.2024 22:34;141;90
3;26.07.2024 18:29;26.07.2024 18:45;176;90
3;22.05.2024 1:29;22.05.2024 1:47;15;94
3;23.06.2024 20:43;23.06.2024 20:56;184;96
3;03.02.2024 16:22;03.02.2024 17:20;151;108
3;07.11.2024 3:32;07.11.2024 4:19;136;109
3;22.10.2024 0:43;22.10.2024 2:04;260;121
3;09.07.2024 15:19;09.07.2024 15:30;128;122
3;15.12.2024 0:19;15.12.2024 0:31;100;125
3;17.12.2024 9:46;17.12.2024 10:36;81;148
3;13.06.2024 9:58;13.06.2024 11:02;55;148
3;02.06.2024 22:26;02.06.2024 23:35;142;156
3;22.10.2024 21:16;22.10.2024 21:28;180;159
3;25.12.2024 20:02;25.12.2024 20:21;252;167
3;04.11.2024 22:13;04.11.2024 23:21;102;182
3;12.09.2024 2:34;12.09.2024 2:46;62;192
3;13.04.2024 20:26;13.04.2024 21:53;237;198
3;09.02.2024 10:09;09.02.2024 11:26;239;199
3;04.10.2024 14:20;04.10.2024 15:39;65;205
3;17.08.2024 17:09;17.08.2024 17:22;63;206
3;17.11.2024 23:16;17.11.2024 23:30;243;217
3;09.09.2024 11:50;09.09.2024 12:17;29;225
3;14.08.2024 20:25;14.08.2024 21:22;138;227
3;04.12.2024 6:37;04.12.2024 7:12;74;239
3;16.02.2024 14:10;16.02.2024 15:03;236;254
3;16.12.2024 19:02;16.12.2024 19:42;40;254
3;23.06.2024 13:30;23.06.2024 14:34;190;257
4;17.10.2024 16:50;17.10.2024 17:36;61;44
4;28.09.2024 14:15;28.09.2024 15:44;105;259
4;02.10.2024 15:22;02.10.2024 15:39;125;159
4;22.04.2024 12:39;22.04.2024 13:08;13;240
4;25.01.2024 6:26;25.01.2024 7:13;65;47
4;17.10.2024 18:46;17.10.2024 20:10;138;248
4;03.06.2024 9:14;03.06.2024 9:32;217;142
4;11.02.2024 16:14;11.02.2024 16:47;208;178
4;02.05.2024 17:26;02.05.2024 17:39;184;54
4;27.09.2024 4:33;27.09.2024 5:15;260;119
4;14.01.2024 9:01;14.01.2024 9:14;156;76
4;27.12.2024 22:53;27.12.2024 23:43;123;34
4;06.05.2024 7:52;06.05.2024 8:42;251;100
4;22.05.2024 4:43;22.05.2024 5:25;193;213
4;10.06.2024 5:49;10.06.2024 5:51;64;212
4;04.06.2024 19:41;04.06.2024 20:38;20;191
4;04.08.2024 4:48;04.08.2024 5:57;204;154
4;09.02.2024 0:23;09.02.2024 1:22;41;157
4;08.05.2024 11:21;08.05.2024 12:41;40;252
4;22.08.2024 4:53;22.08.2024 4:54;47;11
4;18.01.2024 15:33;18.01.2024 16:50;15;227
4;25.11.2024 4:19;25.11.2024 5:10;184;152
4;01.11.2024 5:27;01.11.2024 6:40;222;102
4;22.03.2024 21:02;22.03.2024 22:24;233;223
4;09.07.2024 10:30;09.07.2024 11:11;31;77
4;26.09.2024 5:18;26.09.2024 5:21;26;106
4;26.03.2024 17:46;26.03.2024 18:42;127;22
4;05.04.2024 8:24;05.04.2024 9:50;211;42
4;10.12.2024 9:14;10.12.2024 9:29;112;7
4;11.05.2024 4:46;11.05.2024 5:08;206;35
4;10.07.2024 5:07;10.07.2024 6:05;22;112
4;05.11.2024 9:25;05.11.2024 10:52;116;13
4;01.01.2024 12:29;01.01.2024 13:11;252;93
4;22.07.2024 10:10;22.07.2024 11:09;45;26
4;09.08.2024 13:50;09.08.2024 15:12;190;234
4;13.03.2024 8:46;13.03.2024 9:52;199;56
4;07.10.2024 7:13;07.10.2024 8:10;184;154
4;11.11.2024 22:37;11.11.2024 23:34;216;24
4;18.12.2024 10:08;18.12.2024 11:05;39;8
4;17.09.2024 7:52;17.09.2024 8:44;150;12
4;25.02.2024 20:21;25.02.2024 20:23;254;23
4;21.02.2024 17:00;21.02.2024 17:23;87;244
4;26.04.2024 13:09;26.04.2024 13:16;118;153
4;05.06.2024 7:46;05.06.2024 9:06;172;68
4;20.01.2024 3:07;20.01.2024 4:06;139;154
4;11.09.2024 14:00;11.09.2024 14:37;9;145
4;01.07.2024 10:52;01.07.2024 11:35;194;11
4;10.10.2024 4:05;10.10.2024 4:33;71;107
4;17.12.2024 0:38;17.12.2024 1:06;215;172
5;23.02.2024 5:27;23.02.2024 6:27;47;106
5;18.12.2024 0:02;18.12.2024 0:15;142;128
5;04.01.2024 21:33;04.01.2024 22:29;55;25
5;20.08.2024 17:49;20.08.2024 18:51;32;215
5;15.02.2024 5:41;15.02.2024 6:11;157;76
5;03.03.2024 18:36;03.03.2024 19:44;159;194
5;01.02.2024 10:05;01.02.2024 10:34;245;83
5;05.08.2024 0:07;05.08.2024 0:49;235;148
5;25.08.2024 19:10;25.08.2024 19:47;194;226
5;04.11.2024 22:40;05.11.2024 0:06;226;56
5;15.03.2024 6:14;15.03.2024 7:44;32;229
5;05.08.2024 20:00;05.08.2024 20:52;77;43
5;28.09.2024 1:44;28.09.2024 2:16;86;81
5;25.07.2024 10:45;25.07.2024 11:00;119;133
5;08.01.2024 16:52;08.01.2024 17:32;161;48
5;28.04.2024 13:54;28.04.2024 14:15;205;234
5;19.01.2024 22:37;19.01.2024 23:35;27;75
5;25.08.2024 23:49;26.08.2024 0:23;115;25
5;14.03.2024 8:02;14.03.2024 8:42;218;184
5;22.09.2024 9:56;22.09.2024 10:48;231;142
5;08.03.2024 10:02;08.03.2024 11:30;222;131
5;10.03.2024 18:46;10.03.2024 19:41;182;146
5;24.05.2024 17:34;24.05.2024 17:35;142;58
5;27.03.2024 6:11;27.03.2024 6:48;201;26
5;01.05.2024 2:57;01.05.2024 3:15;24;2
5;22.01.2024 23:04;23.01.2024 0:24;187;192
5;10.10.2024 5:03;10.10.2024 6:24;178;147
5;23.06.2024 23:37;23.06.2024 23:56;4;30
5;18.02.2024 7:22;18.02.2024 8:11;130;71
5;27.06.2024 1:30;27.06.2024 2:12;5;200
5;14.08.2024 21:00;14.08.2024 22:22;232;253
5;25.09.2024 23:51;26.09.2024 0:57;212;27
5;06.05.2024 5:41;06.05.2024 6:03;207;50
5;19.05.2024 7:51;19.05.2024 8:48;166;162
5;18.04.2024 13:14;18.04.2024 14:06;123;185
5;10.03.2024 9:17;10.03.2024 9:51;54;144
5;14.02.2024 21:37;14.02.2024 22:14;66;87
5;13.01.2024 5:52;13.01.2024 6:06;91;115
5;04.07.2024 20:15;04.07.2024 20:22;37;217
5;19.10.2024 5:03;19.10.2024 5:20;6;180
5;19.05.2024 2:25;19.05.2024 3:33;80;108
5;14.04.2024 9:20;14.04.2024 9:51;72;60
5;12.02.2024 21:18;12.02.2024 22:05;168;114
5;20.09.2024 8:51;20.09.2024 9:41;125;197
5;17.03.2024 10:26;17.03.2024 10:33;47;87
5;17.09.2024 13:00;17.09.2024 14:00;56;175
5;12.08.2024 11:41;12.08.2024 13:11;135;63
5;15.12.2024 16:08;15.12.2024 16:34;151;70
5;21.10.2024 10:32;21.10.2024 10:46;260;140
5;16.05.2024 9:06;16.05.2024 10:27;242;137
5;26.04.2024 19:28;26.04.2024 20:30;73;232
5;26.07.2024 8:32;26.07.2024 10:00;141;17
5;02.04.2024 2:41;02.04.2024 3:01;199;21
5;03.07.2024 1:26;03.07.2024 1:29;243;249
5;03.04.2024 0:10;03.04.2024 0:44;27;169
5;26.11.2024 0:18;26.11.2024 0:34;177;35
5;09.10.2024 5:36;09.10.2024 7:05;182;127
6;20.09.2024 1:58;20.09.2024 2:22;66;85
6;22.04.2024 3:17;22.04.2024 4:43;118;97
6;28.08.2024 11:11;28.08.2024 11:29;1;5
6;13.03.2024 7:18;13.03.2024 7:23;109;38
6;23.10.2024 12:27;23.10.2024 12:34;126;226
6;27.01.2024 16:20;27.01.2024 16:36;113;204
6;28.09.2024 6:37;28.09.2024 7:16;206;120
6;05.05.2024 17:42;05.05.2024 18:47;117;219
6;21.08.2024 21:49;21.08.2024 22:41;98;97
6;18.04.2024 11:24;18.04.2024 11:55;114;34
6;05.09.2024 18:07;05.09.2024 19:24;256;54
6;05.05.2024 2:26;05.05.2024 3:37;22;139
6;09.06.2024 4:53;09.06.2024 5:08;66;238
6;12.06.2024 15:22;12.06.2024 15:34;37;51
6;14.05.2024 8:58;14.05.2024 9:13;94;198
6;14.12.2024 2:25;14.12.2024 3:52;111;185
6;27.09.2024 23:57;28.09.2024 1:06;206;85
6;06.09.2024 22:31;06.09.2024 23:27;111;200
6;12.09.2024 21:05;12.09.2024 21:37;74;157
6;28.01.2024 7:27;28.01.2024 8:52;33;71
6;11.03.2024 4:36;11.03.2024 4:55;6;159
6;13.03.2024 4:55;13.03.2024 5:12;158;96
6;22.08.2024 4:48;22.08.2024 5:40;141;208
6;07.12.2024 5:05;07.12.2024 6:32;38;158
6;06.09.2024 0:51;06.09.2024 1:28;65;183
6;25.07.2024 2:09;25.07.2024 2:57;146;136
6;25.08.2024 23:43;26.08.2024 1:13;215;43
6;19.04.2024 8:19;19.04.2024 9:37;93;100
6;27.11.2024 14:50;27.11.2024 16:14;245;52
6;07.02.2024 17:00;07.02.2024 18:24;213;104
6;13.06.2024 13:25;13.06.2024 14:30;27;8
6;16.11.2024 2:30;16.11.2024 3:04;117;71
6;14.09.2024 1:13;14.09.2024 2:12;137;110
6;16.10.2024 3:39;16.10.2024 3:50;73;53
6;13.06.2024 18:36;13.06.2024 19:36;220;222
6;14.04.2024 20:49;14.04.2024 21:34;56;128
6;26.08.2024 2:05;26.08.2024 2:43;223;155
6;26.11.2024 0:37;26.11.2024 0:39;182;148
6;03.07.2024 22:13;03.07.2024 22:22;258;65
6;10.08.2024 7:26;10.08.2024 7:55;167;118
6;09.08.2024 2:45;09.08.2024 4:04;70;239
6;21.11.2024 10:50;21.11.2024 11:14;104;101
6;10.08.2024 14:27;10.08.2024 14:42;191;102
6;25.09.2024 9:29;25.09.2024 10:28;240;32
6;28.11.2024 2:45;28.11.2024 3:45;129;94
6;06.03.2024 3:54;06.03.2024 5:10;114;18
6;11.06.2024 10:14;11.06.2024 11:24;122;132
6;02.02.2024 4:58;02.02.2024 6:24;91;206
6;03.02.2024 7:32;03.02.2024 8:56;64;21
6;15.05.2024 0:40;15.05.2024 1:06;1;199
6;07.08.2024 22:10;07.08.2024 23:40;108;153
6;13.04.2024 4:05;13.04.2024 4:06;118;231
6;11.04.2024 9:19;11.04.2024 10:07;18;105
6;24.04.2024 5:05;24.04.2024 6:31;35;192
6;08.08.2024 18:41;08.08.2024 19:35;249;101
6;09.12.2024 15:08;09.12.2024 16:05;177;76
6;10.11.2024 16:01;10.11.2024 17:28;114;132
6;12.12.2024 23:41;13.12.2024 0:17;1;20
6;24.05.2024 19:21;24.05.2024 20:23;13;52
6;18.11.2024 8:36;18.11.2024 9:32;27;56
6;17.08.2024 17:11;17.08.2024 18:30;238;232
6;18.02.2024 15:51;18.02.2024 16:50;117;114
6;03.12.2024 2:40;03.12.2024 2:56;56;163
6;06.03.2024 18:32;06.03.2024 19:32;15;185
6;26.08.2024 21:20;26.08.2024 22:06;260;127
6;22.01.2024 9:10;22.01.2024 10:37;5;172
6;08.03.2024 6:20;08.03.2024 6:22;120;45
6;19.06.2024 12:27;19.06.2024 12:39;194;248
6;05.08.2024 15:19;05.08.2024 16:02;30;206
6;27.05.2024 3:31;27.05.2024 4:58;210;231
6;20.04.2024 14:35;20.04.2024 15:26;260;79
6;07.01.2024 14:20;07.01.2024 15:25;80;165
6;25.03.2024 4:38;25.03.2024 5:12;118;155
6;22.05.2024 22:45;22.05.2024 23:35;137;238
6;11.06.2024 2:52;11.06.2024 4:10;147;103
7;23.07.2024 23:10;23.07.2024 23:49;259;132
7;16.10.2024 8:22;16.10.2024 8:29;170;235
7;18.01.2024 23:37;19.01.2024 0:28;122;54
7;12.06.2024 23:19;13.06.2024 0:08;73;181
7;19.07.2024 22:23;19.07.2024 22:25;214;208
7;23.03.2024 4:03;23.03.2024 4:18;111;257
7;27.03.2024 14:15;27.03.2024 15:17;1;75
7;13.10.2024 13:42;13.10.2024 14:27;225;104
7;15.02.2024 16:28;15.02.2024 17:12;168;53
7;24.02.2024 0:15;24.02.2024 0:54;168;216
7;25.11.2024 4:52;25.11.2024 5:39;65;185
7;07.06.2024 22:52;07.06.2024 23:13;44;167
7;13.03.2024 12:46;13.03.2024 12:48;154;165
7;18.03.2024 14:21;18.03.2024 15:30;239;132
7;21.02.2024 19:19;21.02.2024 19:21;47;212
7;09.01.2024 0:58;09.01.2024 1:53;137;149
7;02.05.2024 19:40;02.05.2024 20:58;132;4
7;22.11.2024 4:03;22.11.2024 4:13;58;62
7;10.08.2024 19:20;10.08.2024 19:52;69;217
7;26.10.2024 12:40;26.10.2024 13:43;19;249
7;10.05.2024 4:54;10.05.2024 6:00;66;251
7;03.07.2024 5:34;03.07.2024 6:41;169;125
7;08.09.2024 23:22;09.09.2024 0:17;215;185
7;22.01.2024 0:32;22.01.2024 1:59;213;169
7;27.10.2024 4:08;27.10.2024 5:18;109;116
7;14.04.2024 11:47;14.04.2024 12:59;213;243
7;16.06.2024 3:38;16.06.2024 4:28;51;107
7;15.03.2024 12:54;15.03.2024 14:01;230;66
7;14.04.2024 17:56;14.04.2024 19:18;227;159
7;27.06.2024 9:38;27.06.2024 10:48;97;243
7;01.04.2024 17:12;01.04.2024 17:15;99;116
7;10.02.2024 20:43;10.02.2024 21:12;242;89
7;04.02.2024 3:50;04.02.2024 4:18;2;85
7;14.10.2024 17:20;14.10.2024 18:00;230;43
7;08.12.2024 4:26;08.12.2024 4:29;117;230
7;15.08.2024 10:14;15.08.2024 10:59;177;81
7;28.10.2024 13:44;28.10.2024 15:11;240;84
7;27.09.2024 14:36;27.09.2024 16:06;1;118
7;13.10.2024 5:02;13.10.2024 5:33;186;102
7;13.03.2024 20:01;13.03.2024 20:17;43;97
7;21.03.2024 21:40;21.03.2024 21:52;8;28
7;25.09.2024 22:26;25.09.2024 23:35;208;59
7;28.04.2024 3:30;28.04.2024 4:46;129;138
7;26.02.2024 18:59;26.02.2024 20:18;45;223
7;16.04.2024 15:36;16.04.2024 16:23;248;12
7;14.05.2024 8:37;14.05.2024 8:55;250;142
7;08.09.2024 22:09;08.09.2024 22:20;162;56
7;05.05.2024 13:33;05.05.2024 14:00;73;212
7;05.04.2024 8:00;05.04.2024 8:58;78;197
7;25.02.2024 0:38;25.02.2024 1:35;20;256
7;05.03.2024 17:26;05.03.2024 17:32;250;91
7;16.08.2024 23:04;16.08.2024 23:08;16;175
7;20.06.2024 0:55;20.06.2024 2:14;133;207
8;26.10.2024 6:49;26.10.2024 7:48;15;49
8;21.11.2024 2:56;21.11.2024 3:16;94;15
8;15.06.2024 16:26;15.06.2024 17:08;185;243
8;21.07.2024 23:03;21.07.2024 23:14;245;131
8;07.04.2024 21:18;07.04.2024 22:38;49;234
8;06.03.2024 3:16;06.03.2024 3:21;149;111
8;28.06.2024 11:59;28.06.2024 12:26;58;126
8;18.01.2024 15:03;18.01.2024 15:37;168;214
8;19.03.2024 13:21;19.03.2024 14:05;87;75
8;18.06.2024 7:26;18.06.2024 8:24;157;237
8;23.08.2024 23:39;24.08.2024 0:24;10;82
8;05.06.2024 15:56;05.06.2024 17:22;240;208
8;19.07.2024 14:45;19.07.2024 15:39;159;237
8;08.04.2024 4:05;08.04.2024 4:21;50;66
8;15.08.2024 22:57;15.08.2024 23:54;104;95
8;03.08.2024 8:31;03.08.2024 9:02;93;249
8;03.03.2024 11:33;03.03.2024 12:49;44;234
8;08.06.2024 12:05;08.06.2024 12:36;123;243
8;27.02.2024 4:06;27.02.2024 4:23;250;120
8;15.07.2024 0:43;15.07.2024 1:00;259;219
8;17.06.2024 17:40;17.06.2024 18:34;5;7
8;15.03.2024 9:04;15.03.2024 9:15;44;151
8;13.06.2024 5:35;13.06.2024 6:53;223;76
8;03.12.2024 0:13;03.12.2024 1:02;22;126
8;24.02.2024 16:27;24.02.2024 16:49;119;115
8;24.05.2024 12:32;24.05.2024 12:37;239;234
8;10.07.2024 0:22;10.07.2024 1:15;134;185
8;01.03.2024 14:50;01.03.2024 14:56;180;84
8;27.10.2024 8:55;27.10.2024 9:26;176;116
8;15.11.2024 9:49;15.11.2024 10:03;36;162
8;14.05.2024 14:21;14.05.2024 14:25;63;54
8;25.09.2024 14:52;25.09.2024 16:20;118;140
8;22.07.2024 15:53;22.07.2024 16:53;89;224
8;05.02.2024 9:24;05.02.2024 10:53;11;245
8;16.11.2024 19:04;16.11.2024 19:59;136;84
8;22.06.2024 22:27;22.06.2024 22:31;125;60
8;08.05.2024 18:50;08.05.2024 18:53;4;54
8;09.01.2024 20:35;09.01.2024 21:36;211;212
8;05.04.2024 15:33;05.04.2024 16:42;57;39
8;17.01.2024 2:17;17.01.2024 3:29;210;27
8;27.11.2024 3:06;27.11.2024 4:01;100;203
8;23.05.2024 15:31;23.05.2024 16:13;70;120
8;08.03.2024 20:24;08.03.2024 20:40;69;198
8;25.02.2024 10:16;25.02.2024 11:24;168;38
8;26.01.2024 10:27;26.01.2024 10:44;84;123
8;04.04.2024 9:36;04.04.2024 10:23;257;204
8;17.11.2024 1:07;17.11.2024 1:28;160;125
8;22.09.2024 1:34;22.09.2024 2:42;188;78
8;10.09.2024 17:40;10.09.2024 18:42;185;39
8;12.09.2024 23:04;12.09.2024 23:19;184;174
8;07.08.2024 8:40;07.08.2024 9:55;182;211
9;22.11.2024 7:33;22.11.2024 7:51;60;165
9;18.12.2024 9:32;18.12.2024 10:45;92;201
9;13.08.2024 22:40;13.08.2024 23:16;92;98
9;03.07.2024 22:07;03.07.2024 23:24;233;95
9;03.08.2024 5:43;03.08.2024 6:07;175;113
9;08.10.2024 0:49;08.10.2024 0:59;163;128
9;24.11.2024 3:36;24.11.2024 3:39;178;83
9;28.03.2024 11:44;28.03.2024 12:30;209;207
9;14.04.2024 14:58;14.04.2024 16:09;91;238
9;06.07.2024 0:41;06.07.2024 2:02;174;28
9;21.03.2024 2:36;21.03.2024 2:52;96;87
9;06.08.2024 20:16;06.08.2024 21:24;132;57
9;04.07.2024 15:40;04.07.2024 16:05;106;257
9;09.04.2024 14:05;09.04.2024 14:26;213;157
9;09.12.2024 17:21;09.12.2024 17:31;121;84
9;26.08.2024 1:13;26.08.2024 1:31;89;123
9;13.08.2024 6:48;13.08.2024 7:01;175;81
9;24.08.2024 2:56;24.08.2024 2:58;225;113
9;28.02.2024 8:37;28.02.2024 9:02;118;153
9;11.02.2024 18:06;11.02.2024 18:22;22;70
9;06.11.2024 0:38;06.11.2024 1:16;10;74
9;07.09.2024 20:06;07.09.2024 20:32;71;190
9;22.09.2024 3:00;22.09.2024 4:27;65;210
9;10.11.2024 21:47;10.11.2024 22:26;106;139
9;04.03.2024 14:04;04.03.2024 14:38;138;181
9;12.11.2024 4:57;12.11.2024 6:17;243;253
9;24.10.2024 8:14;24.10.2024 9:03;219;213
9;05.10.2024 6:28;05.10.2024 6:53;236;19
9;03.11.2024 7:30;03.11.2024 8:43;151;200
9;05.05.2024 16:05;05.05.2024 16:49;156;249
9;10.04.2024 13:18;10.04.2024 14:23;213;12
9;18.10.2024 12:31;18.10.2024 14:01;190;99
9;27.10.2024 5:29;27.10.2024 5:58;108;52
9;01.12.2024 1:52;01.12.2024 2:03;41;189
9;17.05.2024 21:51;17.05.2024 22:03;147;31
9;23.01.2024 5:37;23.01.2024 5:40;227;218
9;07.08.2024 4:16;07.08.2024 4:59;138;65
9;14.09.2024 18:42;14.09.2024 18:59;84;173
9;02.03.2024 12:37;02.03.2024 12:38;76;165
9;27.08.2024 15:41;27.08.2024 16:13;67;253
9;03.02.2024 19:07;03.02.2024 20:29;202;121
10;17.12.2024 12:43;17.12.2024 13:40;107;86
10;24.07.2024 21:50;24.07.2024 22:05;149;126
10;19.10.2024 15:16;19.10.2024 16:43;53;167
10;03.01.2024 15:04;03.01.2024 15:07;220;132
10;19.09.2024 22:21;19.09.2024 22:28;90;243
10;23.09.2024 12:52;23.09.2024 13:31;103;78
10;25.07.2024 20:49;25.07.2024 20:59;250;76
10;18.09.2024 7:03;18.09.2024 7:38;38;221
10;27.12.2024 11:27;27.12.2024 12:02;145;96
10;13.05.2024 6:48;13.05.2024 7:57;2;34
10;03.04.2024 7:20;03.04.2024 8:21;3;181
10;09.08.2024 17:42;09.08.2024 17:48;6;215
10;16.08.2024 15:51;16.08.2024 16:47;3;20
10;08.11.2024 15:00;08.11.2024 15:57;37;218
10;13.01.2024 15:54;13.01.2024 17:19;210;10
10;12.12.2024 7:03;12.12.2024 7:28;221;31
10;24.10.2024 22:20;24.10.2024 23:34;204;17
10;01.10.2024 5:02;01.10.2024 6:29;66;63
10;18.07.2024 16:51;18.07.2024 18:03;223;163
10;27.10.2024 15:43;27.10.2024 17:09;82;39
10;07.01.2024 6:30;07.01.2024 7:39;142;50
10;07.09.2024 13:52;07.09.2024 14:09;211;69
10;14.11.2024 17:46;14.11.2024 18:03;108;250
10;16.03.2024 1:21;16.03.2024 1:45;185;111
10;11.07.2024 15:36;11.07.2024 16:20;19;135
10;24.01.2024 17:04;24.01.2024 17:13;32;9
10;19.09.2024 2:47;19.09.2024 3:40;70;46
10;17.01.2024 13:59;17.01.2024 14:33;196;9
10;02.01.2024 13:40;02.01.2024 14:17;118;226
10;13.11.2024 9:03;13.11.2024 9:38;209;87
10;01.02.2024 1:56;01.02.2024 2:41;102;19
10;28.05.2024 4:43;28.05.2024 5:58;67;118
10;10.01.2024 17:44;10.01.2024 18:43;122;178
11;04.02.2024 5:30;04.02.2024 6:00;19;84
11;16.02.2024 14:01;16.02.2024 14:50;30;225
11;10.02.2024 20:40;10.02.2024 21:37;247;110
11;01.06.2024 7:06;01.06.2024 7:47;120;120
11;23.11.2024 3:16;23.11.2024 4:40;86;259
11;10.06.2024 23:17;11.06.2024 0:43;36;166
11;07.11.2024 22:21;07.11.2024 22:31;253;219
11;19.01.2024 0:43;19.01.2024 0:44;68;148
11;11.08.2024 21:01;11.08.2024 22:02;143;28
11;04.01.2024 22:55;04.01.2024 23:36;84;193
11;26.01.2024 16:38;26.01.2024 17:48;220;30
11;03.07.2024 0:21;03.07.2024 0:49;212;91
11;04.06.2024 20:57;04.06.2024 21:21;75;111
11;15.03.2024 14:24;15.03.2024 14:33;44;227
11;22.09.2024 17:38;22.09.2024 18:21;237;148
11;12.05.2024 7:15;12.05.2024 7:21;215;94
11;21.05.2024 14:58;21.05.2024 15:42;168;81
11;24.03.2024 20:07;24.03.2024 20:19;188;96
11;01.04.2024 9:57;01.04.2024 10:08;253;62
11;22.07.2024 3:21;22.07.2024 4:05;196;171
11;04.05.2024 8:14;04.05.2024 9:07;54;182
11;04.06.2024 22:29;04.06.2024 22:37;183;143
11;19.10.2024 2:47;19.10.2024 2:54;144;141
11;12.02.2024 12:19;12.02.2024 13:15;243;28
11;03.12.2024 15:27;03.12.2024 16:01;240;73
11;22.05.2024 9:53;22.05.2024 11:00;254;186
11;13.04.2024 18:57;13.04.2024 20:26;138;147
11;17.01.2024 19:15;17.01.2024 19:39;101;231
11;17.06.2024 15:56;17.06.2024 16:50;200;65
11;14.12.2024 6:47;14.12.2024 8:11;134;108
11;13.01.2024 6:41;13.01.2024 8:07;162;97
11;11.03.2024 19:24;11.03.2024 19:36;87;258
12;24.12.2024 22:01;24.12.2024 22:37;7;199
12;25.10.2024 4:41;25.10.2024 5:46;136;144
12;08.06.2024 23:19;08.06.2024 23:55;30;237
12;02.09.2024 1:03;02.09.2024 1:59;117;195
12;13.03.2024 8:12;13.03.2024 8:57;259;189
12;27.12.2024 7:54;27.12.2024 8:45;60;137
12;03.05.2024 8:26;03.05.2024 9:54;163;58
12;01.02.2024 6:52;01.02.2024 7:29;162;216
12;21.11.2024 1:23;21.11.2024 2:36;98;112
12;26.04.2024 19:03;26.04.2024 19:52;256;176
12;27.06.2024 20:56;27.06.2024 21:57;80;175
12;16.11.2024 16:38;16.11.2024 16:48;232;220
12;24.01.2024 17:28;24.01.2024 18:40;50;85
12;17.04.2024 19:39;17.04.2024 20:16;198;54
12;24.12.2024 16:21;24.12.2024 17:34;196;91
12;24.02.2024 9:34;24.02.2024 10:55;226;256
12;13.08.2024 1:56;13.08.2024 2:25;258;51
12;02.02.2024 9:35;02.02.2024 10:17;139;180
12;24.08.2024 9:21;24.08.2024 10:44;189;125
12;04.06.2024 21:10;04.06.2024 22:12;77;119
12;04.07.2024 23:57;05.07.2024 0:39;52;9
12;17.10.2024 7:40;17.10.2024 8:36;27;142
12;22.08.2024 15:07;22.08.2024 15:55;89;245
12;27.10.2024 16:12;27.10.2024 16:59;177;127
12;11.08.2024 13:12;11.08.2024 13:27;53;222
12;13.08.2024 16:31;13.08.2024 17:24;134;161
12;22.04.2024 14:15;22.04.2024 14:42;24;227
12;09.04.2024 20:19;09.04.2024 20:21;234;256
12;11.06.2024 2:05;11.06.2024 2:12;200;223
12;09.03.2024 12:50;09.03.2024 13:07;34;36
12;10.05.2024 1:39;10.05.2024 1:47;164;92
12;12.02.2024 4:17;12.02.2024 5:06;260;23
12;18.01.2024 11:29;18.01.2024 11:43;210;238
12;08.03.2024 1:42;08.03.2024 3:09;41;225
12;07.03.2024 5:52;07.03.2024 6:24;184;49
12;01.02.2024 3:45;01.02.2024 5:15;14;25
12;17.04.2024 9:05;17.04.2024 9:25;206;195
12;03.03.2024 14:24;03.03.2024 15:48;48;79
12;17.06.2024 10:00;17.06.2024 11:09;138;202
12;14.07.2024 9:05;14.07.2024 9:32;75;165
13;03.07.2024 11:34;03.07.2024 11:36;46;257
13;02.01.2024 0:03;02.01.2024 0:37;102;135
13;21.01.2024 3:19;21.01.2024 4:26;63;237
13;28.08.2024 20:57;28.08.2024 20:58;64;36
13;08.09.2024 20:04;08.09.2024 21:04;236;79
13;27.11.2024 17:18;27.11.2024 18:30;108;116
13;09.04.2024 15:49;09.04.2024 16:27;148;252
13;24.03.2024 22:35;25.03.2024 0:04;97;2
13;16.10.2024 21:19;16.10.2024 21:57;141;158
13;22.07.2024 3:16;22.07.2024 3:52;23;91
13;28.07.2024 5:15;28.07.2024 6:13;215;124
13;16.10.2024 23:22;17.10.2024 0:15;55;212
13;14.11.2024 10:06;14.11.2024 11:15;32;27
13;05.08.2024 20:34;05.08.2024 21:36;183;136
13;11.05.2024 13:24;11.05.2024 14:41;118;14
13;10.09.2024 3:33;10.09.2024 4:25;69;121
13;04.11.2024 22:57;04.11.2024 23:24;85;244
13;04.04.2024 0:28;04.04.2024 1:57;219;171
13;19.04.2024 15:44;19.04.2024 17:06;115;61
14;10.09.2024 17:38;10.09.2024 18:09;94;154
14;27.11.2024 13:23;27.11.2024 14:19;233;203
14;01.04.2024 3:13;01.04.2024 4:30;33;104
14;07.12.2024 19:53;07.12.2024 20:15;192;72
14;02.03.2024 9:51;02.03.2024 11:15;1;116
14;01.05.2024 12:24;01.05.2024 13:07;15;184
14;12.12.2024 18:37;12.12.2024 19:07;97;90
14;03.01.2024 23:35;03.01.2024 23:41;209;23
14;13.11.2024 1:27;13.11.2024 2:13;162;246
14;21.08.2024 22:46;21.08.2024 23:47;49;11
14;12.02.2024 13:09;12.02.2024 13:23;197;83
14;07.11.2024 9:53;07.11.2024 10:54;228;239
14;05.08.2024 15:53;05.08.2024 17:12;208;173
14;12.12.2024 23:40;13.12.2024 0:32;70;5
14;09.04.2024 12:22;09.04.2024 12:51;138;24
14;20.12.2024 16:46;20.12.2024 17:52;91;49
14;14.05.2024 20:01;14.05.2024 20:33;223;74
14;13.04.2024 4:40;13.04.2024 4:47;91;216
14;10.04.2024 13:36;10.04.2024 13:53;223;225
14;05.04.2024 21:48;05.04.2024 21:59;4;260
14;26.10.2024 15:43;26.10.2024 16:57;164;103
14;20.02.2024 18:15;20.02.2024 18:50;197;71
14;20.04.2024 15:38;20.04.2024 15:42;42;15
14;11.05.2024 20:27;11.05.2024 21:32;234;229
14;10.02.2024 6:19;10.02.2024 7:07;57;187
14;14.06.2024 15:06;14.06.2024 15:48;155;137
14;28.04.2024 9:58;28.04.2024 10:49;163;12
14;17.08.2024 8:20;17.08.2024 9:12;162;77
14;14.09.2024 0:25;14.09.2024 1:03;257;113
14;04.01.2024 20:38;04.01.2024 21:00;207;184
14;07.12.2024 11:42;07.12.2024 12:08;6;6
14;08.07.2024 11:46;08.07.2024 11:58;56;58
14;03.11.2024 18:40;03.11.2024 20:06;255;176
14;24.12.2024 12:05;24.12.2024 12:54;34;143
14;10.09.2024 17:17;10.09.2024 17:29;245;194
14;24.02.2024 9:23;24.02.2024 10:27;60;15
14;11.11.2024 15:25;11.11.2024 16:07;174;49
14;26.04.2024 13:10;26.04.2024 14:37;241;258
14;12.12.2024 9:00;12.12.2024 9:41;28;166
14;07.04.2024 2:31;07.04.2024 2:42;5;245
14;25.08.2024 4:37;25.08.2024 5:27;213;186
14;11.06.2024 9:04;11.06.2024 10:00;182;138
14;14.08.2024 9:00;14.08.2024 10:10;57;250
14;07.05.2024 23:35;07.05.2024 23:43;230;157
14;21.09.2024 8:12;21.09.2024 9:35;186;74
14;08.12.2024 12:43;08.12.2024 13:41;228;207
14;03.02.2024 8:05;03.02.2024 9:16;114;84
14;04.06.2024 8:34;04.06.2024 9:37;150;109
14;02.09.2024 22:19;02.09.2024 22:55;155;104
14;26.11.2024 1:53;26.11.2024 2:52;163;246
14;09.07.2024 11:45;09.07.2024 12:19;258;216
14;21.11.2024 0:02;21.11.2024 0:16;10;131
14;03.06.2024 17:21;03.06.2024 17:34;24;42
14;10.11.2024 2:26;10.11.2024 3:15;184;227
14;15.01.2024 23:51;16.01.2024 1:11;147;241
14;22.01.2024 1:32;22.01.2024 2:17;130;163
14;08.10.2024 14:58;08.10.2024 15:07;16;185
14;03.05.2024 10:02;03.05.2024 10:04;153;177
14;25.06.2024 4:12;25.06.2024 4:18;160;229
14;15.03.2024 0:26;15.03.2024 1:31;9;220
14;01.11.2024 6:05;01.11.2024 7:11;214;150
14;10.10.2024 17:18;10.10.2024 17:41;15;76
14;11.07.2024 12:58;11.07.2024 13:39;101;218
14;11.05.2024 3:36;11.05.2024 3:44;50;129
14;18.02.2024 5:41;18.02.2024 6:14;218;161
14;21.02.2024 9:07;21.02.2024 9:12;207;139
14;22.04.2024 5:09;22.04.2024 6:39;230;193
14;27.01.2024 10:08;27.01.2024 10:33;144;103
14;19.03.2024 23:49;19.03.2024 23:56;99;9
14;17.08.2024 15:00;17.08.2024 15:49;62;102
14;22.10.2024 11:11;22.10.2024 11:35;243;160
14;14.12.2024 6:17;14.12.2024 6:29;77;156
14;03.08.2024 18:01;03.08.2024 18:42;175;241
14;13.09.2024 5:12;13.09.2024 6:23;127;175
14;08.10.2024 14:09;08.10.2024 14:11;182;146
14;02.03.2024 3:49;02.03.2024 5:06;130;34
14;22.09.2024 11:38;22.09.2024 12:27;94;128
14;23.03.2024 11:35;23.03.2024 12:32;205;260
14;25.06.2024 2:18;25.06.2024 3:27;242;114
15;24.04.2024 2:35;24.04.2024 3:51;138;215
15;08.08.2024 18:45;08.08.2024 18:51;29;33
15;06.08.2024 9:04;06.08.2024 9:42;90;161
15;05.01.2024 19:56;05.01.2024 20:55;82;102
15;19.11.2024 10:00;19.11.2024 10:44;177;175
15;07.06.2024 21:09;07.06.2024 22:39;14;40
15;09.08.2024 8:34;09.08.2024 9:38;178;48
15;07.04.2024 18:22;07.04.2024 18:55;239;191
15;18.07.2024 3:13;18.07.2024 4:20;103;83
15;19.12.2024 15:29;19.12.2024 15:59;19;33
15;03.12.2024 2:43;03.12.2024 4:03;221;159
15;14.04.2024 3:20;14.04.2024 3:27;222;182
15;02.02.2024 19:37;02.02.2024 20:33;7;49
15;03.02.2024 3:50;03.02.2024 4:41;46;124
15;08.09.2024 14:08;08.09.2024 14:18;128;211
15;18.03.2024 12:05;18.03.2024 12:34;176;27
15;28.03.2024 20:33;28.03.2024 21:37;210;177
15;13.11.2024 0:54;13.11.2024 1:17;253;80
15;28.06.2024 11:36;28.06.2024 12:59;108;154
15;22.11.2024 8:27;22.11.2024 8:36;14;12
15;23.11.2024 16:34;23.11.2024 17:59;223;237
15;11.11.2024 3:50;11.11.2024 5:07;188;69
15;10.07.2024 11:41;10.07.2024 13:01;64;3
15;19.04.2024 11:19;19.04.2024 12:26;7;223
15;23.03.2024 18:45;23.03.2024 19:47;237;110
15;10.09.2024 2:13;10.09.2024 2:48;53;126
15;04.06.2024 8:00;04.06.2024 8:01;138;114
15;18.12.2024 10:33;18.12.2024 11:21;52;164
15;07.09.2024 9:52;07.09.2024 10:26;199;158
15;01.03.2024 11:15;01.03.2024 12:07;42;196
15;27.04.2024 6:44;27.04.2024 7:48;9;167
15;22.08.2024 23:10;22.08.2024 23:52;246;196
15;23.08.2024 15:59;23.08.2024 16:17;124;100
15;13.02.2024 10:40;13.02.2024 11:15;77;221
15;18.08.2024 17:03;18.08.2024 17:24;172;230
15;12.09.2024 18:47;12.09.2024 19:44;62;9
15;13.08.2024 2:25;13.08.2024 3:19;34;33
15;20.09.2024 18:38;20.09.2024 20:06;128;60
15;08.05.2024 12:11;08.05.2024 13:24;33;129
15;05.06.2024 16:35;05.06.2024 17:58;77;174
15;28.10.2024 5:16;28.10.2024 5:21;44;112
15;17.05.2024 15:23;17.05.2024 16:03;258;79
15;21.11.2024 23:26;21.11.2024 23:52;149;84
15;16.08.2024 15:01;16.08.2024 15:58;75;51
15;05.06.2024 13:42;05.06.2024 14:29;178;223
15;18.12.2024 17:33;18.12.2024 19:01;157;137
15;22.08.2024 5:38;22.08.2024 6:04;136;251
15;16.10.2024 23:15;16.10.2024 23:17;12;166
15;27.10.2024 9:50;27.10.2024 10:23;195;129
15;22.03.2024 11:14;22.03.2024 11:28;207;195
15;26.05.2024 3:35;26.05.2024 4:10;232;66
15;27.02.2024 17:37;27.02.2024 19:03;63;35
15;21.11.2024 18:23;21.11.2024 19:35;237;117
15;03.01.2024 3:43;03.01.2024 4:29;52;25
15;16.05.2024 14:19;16.05.2024 15:35;236;79
15;20.03.2024 21:36;20.03.2024 22:57;260;76
15;13.10.2024 20:14;13.10.2024 20:25;80;133
15;03.01.2024 7:39;03.01.2024 7:58;103;82
15;05.07.2024 7:37;05.07.2024 8:22;123;12
15;17.09.2024 5:30;17.09.2024 5:50;239;164
15;25.07.2024 6:08;25.07.2024 6:42;247;35
15;18.11.2024 13:12;18.11.2024 13:30;184;254
15;25.04.2024 10:35;25.04.2024 10:59;217;221
15;16.11.2024 18:03;16.11.2024 18:30;128;20
15;20.05.2024 11:34;20.05.2024 12:31;39;194
15;16.10.2024 0:48;16.10.2024 2:17;61;204
15;11.11.2024 14:24;11.11.2024 15:20;152;122
15;16.01.2024 22:38;17.01.2024 0:01;123;242
15;26.03.2024 23:37;27.03.2024 0:27;2;166
15;05.08.2024 5:24;05.08.2024 5:43;169;52
15;22.03.2024 6:15;22.03.2024 6:26;109;222
15;09.11.2024 23:45;09.11.2024 23:53;80;92
15;22.05.2024 13:30;22.05.2024 13:47;157;156
16;23.04.2024 3:44;23.04.2024 4:40;95;132
16;25.09.2024 6:57;25.09.2024 8:22;70;21
16;20.12.2024 17:57;20.12.2024 18:36;203;13
16;22.07.2024 4:13;22.07.2024 4:17;195;47
16;25.05.2024 13:26;25.05.2024 14:47;61;246
16;12.04.2024 6:08;12.04.2024 6:47;116;118
16;05.07.2024 9:19;05.07.2024 9:51;94;52
16;02.06.2024 18:06;02.06.2024 18:11;198;259
16;28.09.2024 5:21;28.09.2024 6:18;107;7
16;01.02.2024 10:40;01.02.2024 10:57;103;156
16;04.08.2024 22:29;04.08.2024 23:44;64;149
16;04.05.2024 21:14;04.05.2024 22:16;85;63
16;18.05.2024 10:31;18.05.2024 11:51;132;65
16;09.05.2024 14:47;09.05.2024 14:51;172;75
16;19.10.2024 17:36;19.10.2024 18:59;213;252
16;24.11.2024 12:09;24.11.2024 13:15;41;25
16;11.12.2024 4:11;11.12.2024 4:37;138;172
16;15.02.2024 19:11;15.02.2024 19:46;135;146
16;16.09.2024 2:11;16.09.2024 3:05;75;233
16;02.02.2024 5:33;02.02.2024 6:42;177;145
16;09.08.2024 3:52;09.08.2024 5:22;79;219
16;12.11.2024 0:13;12.11.2024 0:31;257;114
16;06.03.2024 5:10;06.03.2024 6:37;187;191
16;25.08.2024 6:53;25.08.2024 8:21;204;163
16;19.08.2024 5:45;19.08.2024 5:58;240;221
16;10.01.2024 13:13;10.01.2024 13:48;230;17
16;06.06.2024 5:21;06.06.2024 6:12;224;90
16;09.06.2024 21:41;09.06.2024 22:12;29;213
16;22.11.2024 6:06;22.11.2024 6:56;184;211
16;14.10.2024 1:36;14.10.2024 1:50;18;231
16;08.11.2024 2:18;08.11.2024 2:22;95;210
16;12.09.2024 18:46;12.09.2024 19:28;79;244
16;16.05.2024 12:53;16.05.2024 14:19;209;235
16;24.09.2024 12:32;24.09.2024 14:02;170;133
16;03.09.2024 21:38;03.09.2024 21:45;128;56
16;11.08.2024 22:00;11.08.2024 23:30;102;63
16;02.09.2024 17:22;02.09.2024 18:03;187;123
16;21.01.2024 20:26;21.01.2024 21:41;220;94
16;06.06.2024 5:00;06.06.2024 5:29;138;104
16;01.10.2024 8:27;01.10.2024 8:30;155;87
17;14.08.2024 12:46;14.08.2024 13:21;13;233
17;13.07.2024 0:29;13.07.2024 1:25;59;167
17;15.12.2024 0:06;15.12.2024 0:39;85;34
17;14.06.2024 7:21;14.06.2024 8:08;93;138
17;19.10.2024 18:38;19.10.2024 19:50;223;36
17;20.10.2024 7:41;20.10.2024 8:38;109;182
17;04.03.2024 17:17;04.03.2024 17:26;155;194
17;01.07.2024 0:46;01.07.2024 2:12;151;213
17;08.12.2024 6:32;08.12.2024 7:28;211;226
17;11.03.2024 8:39;11.03.2024 9:20;239;25
17;19.05.2024 17:38;19.05.2024 18:13;28;49
17;03.03.2024 9:14;03.03.2024 9:43;42;188
17;10.11.2024 14:03;10.11.2024 14:04;202;111
17;07.10.2024 17:54;07.10.2024 18:15;225;169
17;28.02.2024 7:26;28.02.2024 8:52;58;121
17;26.08.2024 20:12;26.08.2024 20:40;141;197
17;27.02.2024 0:13;27.02.2024 1:00;231;73
17;28.10.2024 21:38;28.10.2024 22:50;238;197
17;27.06.2024 13:31;27.06.2024 13:44;94;160
17;25.02.2024 19:04;25.02.2024 19:39;173;105
17;12.11.2024 5:40;12.11.2024 6:06;227;41
17;15.12.2024 22:05;15.12.2024 23:22;228;103
17;18.07.2024 10:21;18.07.2024 11:10;201;115
17;28.06.2024 19:19;28.06.2024 20:34;83;25
17;09.10.2024 22:44;09.10.2024 23:39;162;114
17;15.08.2024 17:17;15.08.2024 17:47;16;213
17;14.03.2024 7:41;14.03.2024 8:31;3;2
17;24.05.2024 2:57;24.05.2024 4:08;151;200
17;01.07.2024 7:38;01.07.2024 7:58;212;42
17;10.03.2024 13:06;10.03.2024 14:28;183;211
17;02.12.2024 17:25;02.12.2024 18:00;150;227
17;08.05.2024 4:00;08.05.2024 4:02;160;215
17;19.05.2024 11:59;19.05.2024 12:23;46;137
17;16.12.2024 18:33;16.12.2024 18:34;213;250
17;26.03.2024 17:13;26.03.2024 18:22;44;217
17;12.08.2024 3:52;12.08.2024 4:14;1;132
17;04.04.2024 4:54;04.04.2024 6:15;77;128
17;02.01.2024 7:16;02.01.2024 7:53;189;181
17;28.01.2024 0:36;28.01.2024 1:02;118;72
17;05.10.2024 19:42;05.10.2024 19:50;133;107
17;20.08.2024 22:35;20.08.2024 22:43;210;34
18;06.01.2024 16:18;06.01.2024 16:50;35;206
18;09.01.2024 12:10;09.01.2024 12:56;34;220
18;23.07.2024 6:31;23.07.2024 7:49;123;224
18;02.04.2024 19:44;02.04.2024 19:46;32;28
18;11.02.2024 18:06;11.02.2024 18:52;14;132
18;05.04.2024 14:00;05.04.2024 14:04;131;31
18;05.08.2024 12:48;05.08.2024 13:38;70;199
18;09.11.2024 5:35;09.11.2024 5:59;31;231
18;05.04.2024 3:10;05.04.2024 4:11;63;14
18;11.12.2024 0:44;11.12.2024 1:50;237;70
18;24.10.2024 13:11;24.10.2024 13:44;233;228
18;09.08.2024 11:20;09.08.2024 11:53;251;153
18;01.02.2024 7:56;01.02.2024 8:21;236;242
18;22.08.2024 23:01;23.08.2024 0:09;80;179
18;20.08.2024 19:46;20.08.2024 19:52;118;215
18;03.01.2024 10:22;03.01.2024 11:11;119;81
19;24.08.2024 11:56;24.08.2024 12:27;192;248
19;24.06.2024 12:01;24.06.2024 13:27;239;88
19;22.08.2024 17:37;22.08.2024 18:08;216;36
19;08.04.2024 15:10;08.04.2024 16:13;66;210
19;16.09.2024 13:32;16.09.2024 15:02;6;94
19;10.02.2024 8:59;10.02.2024 9:04;167;84
19;17.05.2024 11:47;17.05.2024 12:14;62;226
19;22.08.2024 20:51;22.08.2024 21:07;114;27
19;25.06.2024 0:32;25.06.2024 1:43;197;10
19;12.08.2024 0:20;12.08.2024 1:29;116;134
19;09.11.2024 22:38;09.11.2024 23:03;40;151
19;04.09.2024 19:25;04.09.2024 20:16;32;123
19;22.08.2024 21:47;22.08.2024 21:51;41;113
19;18.01.2024 5:06;18.01.2024 6:07;213;151
19;22.03.2024 9:03;22.03.2024 10:13;74;75
19;03.03.2024 8:12;03.03.2024 8:25;212;49
19;14.11.2024 2:55;14.11.2024 4:06;38;207
19;28.08.2024 17:48;28.08.2024 18:13;32;165
20;04.10.2024 17:52;04.10.2024 19:16;189;256
20;11.06.2024 12:39;11.06.2024 13:36;260;56
20;15.09.2024 11:02;15.09.2024 12:31;121;44
20;06.07.2024 10:59;06.07.2024 12:19;24;260
20;02.03.2024 2:06;02.03.2024 3:35;220;255
20;17.07.2024 2:43;17.07.2024 4:05;33;184
20;13.04.2024 13:04;13.04.2024 13:57;235;258
20;04.10.2024 5:32;04.10.2024 6:20;130;238
20;26.02.2024 17:58;26.02.2024 18:47;44;149
20;07.06.2024 8:19;07.06.2024 9:04;158;197
20;02.10.2024 12:58;02.10.2024 14:12;196;184
20;19.03.2024 19:50;19.03.2024 20:16;82;221
20;06.09.2024 6:24;06.09.2024 7:23;187;145
20;20.05.2024 23:06;21.05.2024 0:31;94;201
20;26.07.2024 4:01;26.07.2024 5:19;234;179
20;04.05.2024 15:33;04.05.2024 16:03;18;38
20;14.06.2024 23:55;15.06.2024 0:04;247;10
20;28.12.2024 16:13;28.12.2024 16:58;15;84
20;10.10.2024 21:21;10.10.2024 22:06;210;122
20;04.08.2024 9:07;04.08.2024 10:27;234;215
20;27.08.2024 7:28;27.08.2024 8:15;158;18
20;04.03.2024 16:36;04.03.2024 17:36;58;27
20;19.12.2024 2:02;19.12.2024 2:45;157;145
20;11.10.2024 16:55;11.10.2024 18:20;73;129
21;02.02.2024 8:12;02.02.2024 9:19;207;52
21;17.10.2024 0:04;17.10.2024 0:25;152;196
21;16.09.2024 19:40;16.09.2024 20:05;254;70
21;04.08.2024 12:46;04.08.2024 13:23;201;79
21;19.02.2024 22:30;19.02.2024 23:45;226;247
21;16.06.2024 7:51;16.06.2024 9:12;77;140
21;23.02.2024 23:38;24.02.2024 0:58;5;251
21;27.03.2024 2:26;27.03.2024 3:30;142;162
21;27.03.2024 16:19;27.03.2024 16:36;79;172
21;24.01.2024 16:45;24.01.2024 17:13;36;118
21;06.10.2024 8:34;06.10.2024 9:17;49;135
21;24.11.2024 4:17;24.11.2024 5:42;239;75
21;01.07.2024 5:48;01.07.2024 6:53;176;129
21;10.02.2024 12:22;10.02.2024 13:03;249;181
21;19.09.2024 5:16;19.09.2024 6:06;199;103
21;21.01.2024 20:43;21.01.2024 21:46;72;67
21;21.01.2024 13:34;21.01.2024 14:22;229;66
21;26.12.2024 17:25;26.12.2024 17:43;223;218
21;27.11.2024 13:34;27.11.2024 13:51;214;128
21;19.10.2024 23:08;19.10.2024 23:39;37;34
21;09.12.2024 4:40;09.12.2024 5:44;9;114
21;07.05.2024 0:20;07.05.2024 1:16;7;65
21;17.12.2024 23:58;18.12.2024 0:20;117;231
21;09.02.2024 14:07;09.02.2024 15:03;132;36
21;27.04.2024 14:41;27.04.2024 15:19;65;239
21;04.06.2024 18:01;04.06.2024 18:27;131;52
21;12.05.2024 16:31;12.05.2024 17:15;101;149
21;27.04.2024 4:11;27.04.2024 4:14;106;205
21;03.10.2024 20:02;03.10.2024 20:30;69;46
21;09.01.2024 6:38;09.01.2024 7:21;200;50
21;27.10.2024 12:16;27.10.2024 12:28;102;76
21;07.03.2024 22:09;07.03.2024 22:22;215;52
21;09.03.2024 11:55;09.03.2024 12:10;224;55
21;11.06.2024 3:53;11.06.2024 4:21;234;16
21;10.01.2024 14:51;10.01.2024 15:43;92;225
21;01.03.2024 3:53;01.03.2024 4:55;46;63
21;15.07.2024 13:40;15.07.2024 13:44;14;243
21;02.06.2024 21:32;02.06.2024 22:26;97;38
21;03.06.2024 13:07;03.06.2024 13:32;29;185
21;02.11.2024 18:12;02.11.2024 19:02;171;143
21;09.10.2024 8:14;09.10.2024 9:11;55;40
21;01.01.2024 17:00;01.01.2024 18:17;5;157
21;21.10.2024 10:27;21.10.2024 10:58;151;230
21;07.08.2024 14:29;07.08.2024 15:58;128;221
21;16.01.2024 13:22;16.01.2024 14:35;257;227
21;02.05.2024 8:21;02.05.2024 9:41;230;207
21;17.06.2024 0:51;17.06.2024 1:16;109;119
21;14.04.2024 20:40;14.04.2024 21:30;176;159
21;05.07.2024 9:56;05.07.2024 10:12;17;60
21;20.12.2024 2:08;20.12.2024 3:21;67;119
21;02.03.2024 2:34;02.03.2024 3:07;258;216
21;07.08.2024 12:26;07.08.2024 12:56;112;59
21;18.12.2024 23:56;19.12.2024 0:29;211;52
21;20.06.2024 14:33;20.06.2024 15:42;74;137
21;24.05.2024 4:26;24.05.2024 4:36;187;115
21;03.02.2024 23:36;04.02.2024 0:29;83;139
21;02.02.2024 16:03;02.02.2024 16:38;70;113
21;15.06.2024 11:25;15.06.2024 12:16;29;129
21;20.07.2024 8:33;20.07.2024 9:31;107;217
21;13.11.2024 7:15;13.11.2024 8:11;104;4
21;05.11.2024 1:13;05.11.2024 1:52;135;9
21;01.08.2024 4:59;01.08.2024 5:11;174;240
21;24.02.2024 17:40;24.02.2024 17:41;83;155
21;17.08.2024 18:12;17.08.2024 19:09;155;207
21;14.08.2024 22:20;14.08.2024 23:48;21;245
21;01.04.2024 16:21;01.04.2024 17:41;105;89
21;28.03.2024 8:57;28.03.2024 8:59;98;38
21;21.05.2024 10:47;21.05.2024 12:09;211;31
21;02.04.2024 22:07;02.04.2024 22:40;133;169
21;13.01.2024 7:14;13.01.2024 8:30;56;245
21;02.04.2024 11:22;02.04.2024 12:38;200;131
21;07.07.2024 12:41;07.07.2024 13:23;58;172
21;21.04.2024 7:44;21.04.2024 8:52;82;238
21;07.07.2024 22:01;07.07.2024 22:47;67;54
21;22.10.2024 22:56;22.10.2024 23:10;83;25
21;05.01.2024 5:42;05.01.2024 6:34;239;175
21;26.04.2024 0:05;26.04.2024 1:26;166;16
21;11.05.2024 17:59;11.05.2024 19:23;40;103
21;10.02.2024 7:11;10.02.2024 8:08;230;51
21;22.01.2024 0:51;22.01.2024 1:45;214;41
21;21.02.2024 16:35;21.02.2024 17:18;41;243
21;19.01.2024 16:00;19.01.2024 16:05;68;233
21;26.04.2024 4:03;26.04.2024 4:14;92;49
21;08.08.2024 14:16;08.08.2024 15:42;61;86
21;21.09.2024 6:44;21.09.2024 7:50;67;173
21;28.08.2024 5:53;28.08.2024 6:17;210;62
21;24.09.2024 23:44;24.09.2024 23:51;221;64
21;22.08.2024 17:10;22.08.2024 18:18;61;115
21;13.07.2024 7:48;13.07.2024 8:16;75;78
21;16.12.2024 4:51;16.12.2024 5:27;176;221
21;23.02.2024 11:03;23.02.2024 11:08;166;190
21;17.06.2024 3:11;17.06.2024 4:20;65;245
21;15.08.2024 0:18;15.08.2024 1:17;225;141
21;01.06.2024 14:49;01.06.2024 15:09;141;237
21;18.02.2024 8:19;18.02.2024 8:34;123;59
21;09.12.2024 17:48;09.12.2024 18:59;131;172
21;12.05.2024 13:45;12.05.2024 14:26;49;192
21;14.05.2024 9:52;14.05.2024 11:00;218;259
21;16.06.2024 22:53;16.06.2024 22:57;131;192
21;10.08.2024 1:56;10.08.2024 3:01;64;55
22;05.01.2024 18:39;05.01.2024 19:31;78;33
22;07.09.2024 23:14;08.09.2024 0:20;155;112
22;13.03.2024 18:15;13.03.2024 19:15;224;127
22;15.05.2024 22:55;15.05.2024 23:35;217;95
22;12.06.2024 8:23;12.06.2024 8:54;201;44
22;10.06.2024 0:35;10.06.2024 1:35;139;174
22;08.12.2024 10:39;08.12.2024 11:19;62;110
22;03.04.2024 19:56;03.04.2024 21:20;218;186
22;02.06.2024 10:46;02.06.2024 11:00;154;184
22;01.03.2024 16:15;01.03.2024 17:45;80;48
22;15.01.2024 20:11;15.01.2024 20:45;219;247
22;06.07.2024 21:44;06.07.2024 22:54;164;115
22;10.09.2024 18:05;10.09.2024 18:48;47;108
22;16.10.2024 16:30;16.10.2024 17:25;214;242
22;24.01.2024 9:21;24.01.2024 9:25;257;157
22;01.07.2024 9:29;01.07.2024 10:19;141;71
22;01.12.2024 13:17;01.12.2024 14:22;168;57
22;06.04.2024 1:17;06.04.2024 1:51;35;34
22;25.05.2024 19:26;25.05.2024 20:25;180;61
22;13.12.2024 20:01;13.12.2024 20:58;243;234
22;10.06.2024 22:09;10.06.2024 22:56;71;104
22;09.10.2024 1:09;09.10.2024 2:24;250;216
22;08.11.2024 14:27;08.11.2024 15:39;11;82
22;05.07.2024 16:23;05.07.2024 16:32;172;208
22;02.01.2024 15:11;02.01.2024 15:37;11;221
22;23.09.2024 22:21;23.09.2024 23:34;146;2
22;11.12.2024 15:36;11.12.2024 15:49;218;92
22;03.03.2024 5:03;03.03.2024 5:29;28;203
22;20.06.2024 20:14;20.06.2024 21:19;193;43
22;04.09.2024 16:28;04.09.2024 17:22;138;138
22;17.05.2024 14:55;17.05.2024 15:33;230;242
22;20.08.2024 2:23;20.08.2024 2:41;93;14
22;16.04.2024 18:16;16.04.2024 19:43;38;86
22;26.04.2024 22:02;26.04.2024 22:59;250;78
22;06.11.2024 0:18;06.11.2024 0:29;139;162
22;23.06.2024 1:31;23.06.2024 2:47;90;129
22;25.07.2024 6:58;25.07.2024 8:12;155;221
22;16.11.2024 20:12;16.11.2024 21:14;62;42
22;20.09.2024 10:23;20.09.2024 11:28;84;203
22;02.04.2024 18:22;02.04.2024 18:49;166;123
22;01.07.2024 2:53;01.07.2024 4:12;158;13
22;05.05.2024 1:49;05.05.2024 2:04;67;123
22;05.09.2024 6:04;05.09.2024 7:01;85;16
22;26.12.2024 11:55;26.12.2024 12:22;30;113
22;03.02.2024 9:48;03.02.2024 10:59;253;152
22;12.12.2024 2:42;12.12.2024 4:01;31;55
22;21.10.2024 10:52;21.10.2024 12:08;226;233
22;22.03.2024 10:27;22.03.2024 11:22;105;226
22;23.10.2024 19:27;23.10.2024 20:52;37;250
22;15.08.2024 6:10;15.08.2024 7:31;151;81
22;22.05.2024 9:53;22.05.2024 11:19;197;146
22;22.02.2024 14:01;22.02.2024 15:17;74;195
22;02.12.2024 7:56;02.12.2024 9:08;111;57
22;10.05.2024 2:44;10.05.2024 4:04;14;70
22;13.11.2024 15:23;13.11.2024 15:30;69;23
22;20.02.2024 17:28;20.02.2024 17:36;19;152
22;19.04.2024 16:55;19.04.2024 17:28;118;176
22;07.05.2024 17:08;07.05.2024 17:34;55;111
22;10.04.2024 6:48;10.04.2024 7:43;101;127
22;13.05.2024 2:14;13.05.2024 3:24;9;252
22;09.04.2024 14:24;09.04.2024 14:40;77;90
22;27.09.2024 15:56;27.09.2024 16:54;32;91
22;25.12.2024 12:57;25.12.2024 13:20;147;154
22;18.04.2024 6:36;18.04.2024 7:22;143;236
22;15.06.2024 10:04;15.06.2024 10:24;153;79
22;08.04.2024 7:23;08.04.2024 8:02;112;17
22;24.03.2024 6:11;24.03.2024 7:17;63;90
22;22.08.2024 8:13;22.08.2024 8:30;186;199
22;28.06.2024 6:31;28.06.2024 7:41;114;5
22;04.12.2024 5:36;04.12.2024 6:59;210;171
23;25.04.2024 12:44;25.04.2024 12:50;225;110
23;15.08.2024 1:32;15.08.2024 2:22;249;30
23;23.05.2024 12:38;23.05.2024 13:30;205;176
23;07.06.2024 3:28;07.06.2024 4:03;149;250
23;21.07.2024 8:18;21.07.2024 9:45;151;226
23;23.02.2024 22:02;23.02.2024 23:07;40;119
23;24.05.2024 16:33;24.05.2024 17:44;101;109
23;15.07.2024 6:30;15.07.2024 7:28;183;37
23;17.08.2024 12:31;17.08.2024 12:54;141;141
23;03.06.2024 10:03;03.06.2024 10:10;55;41
23;19.03.2024 16:06;19.03.2024 16:24;56;40
23;05.10.2024 20:03;05.10.2024 20:21;4;257
23;12.01.2024 7:55;12.01.2024 8:19;35;132
23;09.01.2024 6:36;09.01.2024 7:36;28;23
23;18.10.2024 16:03;18.10.2024 17:24;118;84
23;04.12.2024 21:30;04.12.2024 22:34;52;92
23;10.09.2024 3:03;10.09.2024 4:15;224;130
23;26.01.2024 20:13;26.01.2024 20:53;196;115
23;06.10.2024 17:36;06.10.2024 18:36;16;183
23;06.12.2024 22:57;06.12.2024 23:05;82;138
23;21.04.2024 16:15;21.04.2024 16:22;145;219
23;08.06.2024 8:36;08.06.2024 8:38;101;174
23;22.02.2024 19:32;22.02.2024 19:55;44;28
23;26.11.2024 5:05;26.11.2024 6:02;107;14
23;09.05.2024 18:42;09.05.2024 19:35;188;224
23;05.05.2024 0:54;05.05.2024 1:57;74;190
23;20.12.2024 16:50;20.12.2024 16:53;182;192
23;23.05.2024 2:11;23.05.2024 3:07;205;198
23;28.12.2024 9:40;28.12.2024 10:35;165;89
23;24.04.2024 13:50;24.04.2024 14:20;186;1
23;11.11.2024 19:28;11.11.2024 20:31;160;162
23;15.05.2024 2:22;15.05.2024 2:58;85;21
23;19.03.2024 21:15;19.03.2024 21:31;219;252
23;02.03.2024 1:04;02.03.2024 1:07;94;197
23;28.11.2024 1:28;28.11.2024 1:47;221;96
23;05.02.2024 0:52;05.02.2024 1:06;241;236
23;19.08.2024 19:31;19.08.2024 20:31;82;166
23;14.01.2024 2:26;14.01.2024 3:21;35;103
23;23.12.2024 3:02;23.12.2024 4:30;21;73
23;09.01.2024 0:34;09.01.2024 1:38;72;170
23;02.08.2024 21:34;02.08.2024 21:48;72;167
23;03.02.2024 7:50;03.02.2024 9:13;172;56
23;05.10.2024 18:13;05.10.2024 19:03;61;139
23;13.02.2024 4:47;13.02.2024 5:14;135;111
23;14.10.2024 3:39;14.10.2024 4:32;163;66
23;03.07.2024 18:30;03.07.2024 18:59;71;164
23;22.04.2024 3:11;22.04.2024 4:40;23;154
23;22.11.2024 21:47;22.11.2024 22:25;127;147
23;20.11.2024 7:46;20.11.2024 8:46;260;205
23;07.01.2024 9:55;07.01.2024 10:16;80;49
23;09.09.2024 22:33;09.09.2024 23:09;163;101
23;11.05.2024 18:03;11.05.2024 18:59;198;3
23;12.05.2024 8:10;12.05.2024 8:47;54;30
23;24.02.2024 11:10;24.02.2024 12:01;29;205
23;09.09.2024 21:41;09.09.2024 21:58;259;236
23;02.10.2024 22:41;02.10.2024 23:06;211;130
23;19.12.2024 4:51;19.12.2024 5:09;176;209
23;26.12.2024 8:49;26.12.2024 9:42;194;82
23;04.05.2024 14:40;04.05.2024 14:41;156;101
23;01.09.2024 19:46;01.09.2024 21:09;125;159
23;04.06.2024 20:59;04.06.2024 22:19;181;99
23;19.05.2024 23:55;20.05.2024 1:20;28;191
23;17.07.2024 12:07;17.07.2024 12:16;123;51
23;10.10.2024 1:42;10.10.2024 2:18;146;178
23;05.06.2024 4:30;05.06.2024 4:45;145;44
23;10.11.2024 14:37;10.11.2024 15:37;89;25
23;23.04.2024 0:44;23.04.2024 1:28;170;153
23;20.06.2024 13:10;20.06.2024 13:35;227;225
23;13.06.2024 12:36;13.06.2024 13:27;118;108
23;01.06.2024 2:05;01.06.2024 2:30;81;8
23;05.07.2024 16:06;05.07.2024 16:55;91;167
23;03.07.2024 16:42;03.07.2024 18:05;52;20
23;06.08.2024 21:40;06.08.2024 22:06;39;130
23;07.02.2024 1:04;07.02.2024 1:52;258;134
23;17.01.2024 23:10;18.01.2024 0:19;92;14
23;24.01.2024 2:09;24.01.2024 3:00;197;112
23;23.09.2024 10:53;23.09.2024 11:59;126;206
23;25.01.2024 10:48;25.01.2024 11:59;201;82
23;02.02.2024 15:57;02.02.2024 16:04;12;132
23;28.02.2024 19:37;28.02.2024 20:22;59;34
23;21.07.2024 8:13;21.07.2024 8:45;42;4
23;06.04.2024 12:48;06.04.2024 13:04;233;181
23;12.03.2024 6:53;12.03.2024 8:05;128;178
24;12.11.2024 21:08;12.11.2024 22:03;55;87
24;03.12.2024 3:58;03.12.2024 4:36;71;61
24;05.09.2024 15:30;05.09.2024 16:58;169;228
24;11.08.2024 13:43;11.08.2024 14:09;227;152
24;08.07.2024 5:56;08.07.2024 6:47;121;234
24;03.01.2024 11:07;03.01.2024 12:35;86;32
24;09.04.2024 5:46;09.04.2024 6:43;95;256
24;14.06.2024 13:27;14.06.2024 13:52;156;145
24;08.05.2024 19:29;08.05.2024 19:43;170;150
24;18.06.2024 17:38;18.06.2024 18:12;143;159
24;28.08.2024 2:17;28.08.2024 3:23;5;212
24;03.02.2024 1:11;03.02.2024 1:37;155;142
24;16.09.2024 16:05;16.09.2024 16:20;116;197
24;19.08.2024 10:28;19.08.2024 10:43;1;184
24;19.03.2024 20:36;19.03.2024 20:56;158;185
24;03.09.2024 19:50;03.09.2024 21:18;82;167
24;23.01.2024 17:13;23.01.2024 17:33;35;208
24;21.10.2024 3:24;21.10.2024 4:24;151;64
24;08.09.2024 5:42;08.09.2024 5:43;38;132
24;02.08.2024 20:51;02.08.2024 21:33;92;171
24;07.08.2024 4:09;07.08.2024 5:01;39;216
24;20.05.2024 21:36;20.05.2024 22:10;63;152
24;24.06.2024 3:03;24.06.2024 3:19;162;107
24;16.12.2024 8:29;16.12.2024 8:47;199;165
24;03.11.2024 23:49;04.11.2024 0:09;36;39
24;12.08.2024 12:57;12.08.2024 13:17;249;38
24;12.04.2024 13:52;12.04.2024 14:19;247;95
24;08.02.2024 19:19;08.02.2024 20:13;192;155
24;22.02.2024 14:20;22.02.2024 15:04;65;25
24;13.11.2024 15:57;13.11.2024 17:03;106;218
24;10.05.2024 3:12;10.05.2024 3:17;70;54
24;05.05.2024 5:27;05.05.2024 6:05;125;86
24;23.12.2024 13:41;23.12.2024 14:44;133;50
24;26.05.2024 0:59;26.05.2024 1:30;257;59
24;26.08.2024 11:57;26.08.2024 12:07;89;134
24;07.07.2024 14:37;07.07.2024 15:16;108;47
24;04.04.2024 20:56;04.04.2024 21:52;241;206
24;08.08.2024 13:23;08.08.2024 13:29;39;153
24;13.12.2024 14:44;13.12.2024 16:04;201;92
24;21.03.2024 12:28;21.03.2024 13:01;86;176
24;15.04.2024 4:51;15.04.2024 6:13;126;38
24;18.04.2024 23:16;18.04.2024 23:48;65;237
24;24.10.2024 8:26;24.10.2024 9:49;187;9
24;25.12.2024 23:19;25.12.2024 23:24;51;132
24;05.01.2024 22:16;05.01.2024 23:07;60;194
25;10.02.2024 5:49;10.02.2024 6:52;154;96
25;19.11.2024 11:47;19.11.2024 13:16;109;83
25;21.08.2024 7:29;21.08.2024 7:37;71;237
25;15.11.2024 11:37;15.11.2024 11:50;77;57
25;11.01.2024 12:32;11.01.2024 13:08;169;206
25;04.11.2024 21:52;04.11.2024 22:45;155;68
25;12.11.2024 20:32;12.11.2024 21:49;228;110
25;18.08.2024 0:32;18.08.2024 0:44;167;37
25;18.07.2024 3:56;18.07.2024 4:09;144;145
25;21.11.2024 15:07;21.11.2024 16:35;99;209
25;15.02.2024 17:54;15.02.2024 18:11;254;229
25;14.04.2024 6:10;14.04.2024 7:22;59;184
25;05.11.2024 4:56;05.11.2024 5:16;132;42
25;03.11.2024 10:12;03.11.2024 10:35;29;60
25;01.02.2024 11:31;01.02.2024 12:50;182;231
25;10.12.2024 15:58;10.12.2024 17:02;45;68
25;13.02.2024 11:26;13.02.2024 12:55;199;170
25;11.01.2024 16:37;11.01.2024 17:58;64;89
25;04.06.2024 5:20;04.06.2024 6:22;89;205
25;14.09.2024 14:36;14.09.2024 15:34;175;223
25;24.03.2024 15:34;24.03.2024 16:50;164;2
25;17.07.2024 9:02;17.07.2024 9:20;135;39
25;02.01.2024 12:03;02.01.2024 13:31;69;209
25;02.07.2024 21:36;02.07.2024 22:48;240;75
25;27.08.2024 1:32;27.08.2024 2:28;3;187
25;02.08.2024 2:57;02.08.2024 3:15;69;193
25;19.07.2024 12:16;19.07.2024 12:39;127;116
25;23.10.2024 11:19;23.10.2024 11:51;23;30
25;14.10.2024 19:32;14.10.2024 19:37;233;100
25;27.09.2024 17:35;27.09.2024 19:02;89;16
25;27.01.2024 13:40;27.01.2024 14:28;175;148
25;23.06.2024 15:16;23.06.2024 15:39;34;239
25;11.06.2024 7:52;11.06.2024 8:16;232;68
25;11.12.2024 7:56;11.12.2024 8:49;71;254
25;13.07.2024 19:45;13.07.2024 20:36;234;237
25;01.12.2024 18:20;01.12.2024 18:47;158;113
25;03.07.2024 2:24;03.07.2024 3:05;114;24
25;04.11.2024 18:53;04.11.2024 19:45;87;245
25;14.04.2024 21:12;14.04.2024 21:55;88;256
25;23.06.2024 5:33;23.06.2024 5:58;27;248
25;26.08.2024 17:43;26.08.2024 18:24;242;257
25;03.03.2024 5:21;03.03.2024 5:38;57;154
25;04.08.2024 22:48;04.08.2024 23:07;50;200
25;16.11.2024 10:00;16.11.2024 11:03;129;224
25;12.12.2024 19:49;12.12.2024 20:21;203;94
25;17.09.2024 9:56;17.09.2024 11:12;38;85
25;25.02.2024 7:42;25.02.2024 8:42;9;42
25;11.03.2024 23:50;12.03.2024 0:23;222;219
25;15.10.2024 22:53;15.10.2024 23:30;49;244
25;25.12.2024 16:56;25.12.2024 18:01;192;177
25;06.12.2024 4:16;06.12.2024 4:27;169;12
25;24.05.2024 11:50;24.05.2024 13:18;102;43
25;05.02.2024 11:46;05.02.2024 11:49;51;247
25;18.08.2024 14:30;18.08.2024 15:02;129;100
25;17.11.2024 16:57;17.11.2024 17:00;115;131
25;21.04.2024 19:27;21.04.2024 20:14;35;205
25;07.03.2024 19:08;07.03.2024 20:23;106;175
25;06.05.2024 15:33;06.05.2024 16:35;88;154
25;14.07.2024 4:01;14.07.2024 4:33;34;239
25;26.10.2024 2:12;26.10.2024 2:13;151;60
25;27.06.2024 8:00;27.06.2024 8:10;46;183
25;12.02.2024 0:28;12.02.2024 1:15;221;213
25;03.10.2024 3:24;03.10.2024 3:46;186;96
25;25.01.2024 8:24;25.01.2024 8:26;149;260
25;22.01.2024 17:33;22.01.2024 18:11;46;187
25;03.01.2024 20:59;03.01.2024 21:34;40;12
25;16.03.2024 5:16;16.03.2024 5:46;245;172
25;03.07.2024 12:35;03.07.2024 13:07;28;174
25;26.03.2024 7:22;26.03.2024 8:43;173;34
25;07.11.2024 1:18;07.11.2024 1:39;71;231
25;12.11.2024 4:51;12.11.2024 5:44;117;137
25;01.12.2024 1:58;01.12.2024 3:14;59;50
25;11.04.2024 18:02;11.04.2024 18:57;154;168
25;14.06.2024 4:49;14.06.2024 5:08;93;143
25;20.11.2024 20:32;20.11.2024 20:33;106;168
25;04.05.2024 5:20;04.05.2024 6:45;231;70
25;08.06.2024 4:27;08.06.2024 5:24;57;194
25;05.06.2024 15:57;05.06.2024 17:04;96;24
25;27.08.2024 12:39;27.08.2024 13:18;223;145
25;18.07.2024 2:24;18.07.2024 3:16;125;110
25;23.11.2024 0:55;23.11.2024 1:24;55;134
25;28.09.2024 3:45;28.09.2024 4:15;23;238
25;20.09.2024 1:36;20.09.2024 1:50;111;243
25;15.07.2024 12:27;15.07.2024 13:17;170;217
25;17.09.2024 19:34;17.09.2024 20:04;185;260
25;03.07.2024 8:46;03.07.2024 8:58;97;112
25;04.12.2024 0:17;04.12.2024 0:48;83;2
25;08.06.2024 22:15;08.06.2024 22:42;103;203
25;18.05.2024 18:47;18.05.2024 20:00;154;28
26;09.01.2024 2:47;09.01.2024 3:08;176;52
26;24.06.2024 5:57;24.06.2024 6:22;190;29
26;14.06.2024 6:05;14.06.2024 6:07;79;184
26;12.01.2024 6:02;12.01.2024 6:49;151;118
26;26.10.2024 15:05;26.10.2024 16:11;241;29
26;28.01.2024 2:22;28.01.2024 2:34;41;27
26;25.02.2024 7:40;25.02.2024 8:41;69;88
26;06.10.2024 8:52;06.10.2024 8:57;115;27
26;03.11.2024 13:21;03.11.2024 14:11;159;135
26;15.12.2024 13:07;15.12.2024 13:57;107;164
26;25.11.2024 1:48;25.11.2024 2:18;203;21
26;21.08.2024 18:33;21.08.2024 20:00;195;111
26;27.09.2024 12:15;27.09.2024 12:16;212;144
26;26.03.2024 10:04;26.03.2024 11:11;103;257
26;25.09.2024 0:39;25.09.2024 1:12;235;259
26;09.09.2024 8:35;09.09.2024 9:06;232;231
26;25.07.2024 14:49;25.07.2024 15:28;241;195
26;06.08.2024 15:14;06.08.2024 16:31;233;207
26;01.06.2024 2:48;01.06.2024 4:05;78;6
26;18.09.2024 20:03;18.09.2024 21:05;260;199
26;12.01.2024 23:54;13.01.2024 0:03;107;46
26;07.01.2024 22:11;07.01.2024 22:22;11;57
26;11.08.2024 7:45;11.08.2024 8:43;167;223
26;08.07.2024 0:18;08.07.2024 1:38;18;251
26;20.11.2024 4:21;20.11.2024 5:43;131;234
26;22.12.2024 3:53;22.12.2024 5:16;202;193
26;23.06.2024 5:53;23.06.2024 7:05;194;8
26;06.04.2024 18:19;06.04.2024 18:43;196;248
26;12.12.2024 2:53;12.12.2024 3:52;25;240
26;02.10.2024 4:27;02.10.2024 5:55;96;117
26;17.11.2024 13:11;17.11.2024 14:02;15;235
26;16.11.2024 19:08;16.11.2024 20:08;45;133
26;12.01.2024 15:55;12.01.2024 16:49;43;86
26;28.01.2024 22:42;28.01.2024 23:01;147;149
26;16.05.2024 3:20;16.05.2024 4:39;11;130
26;28.09.2024 1:18;28.09.2024 1:44;194;152
26;25.02.2024 3:11;25.02.2024 4:26;86;9
26;24.07.2024 11:09;24.07.2024 11:11;192;23
26;19.10.2024 12:00;19.10.2024 13:08;215;152
26;01.06.2024 13:50;01.06.2024 14:28;194;39
26;16.07.2024 3:28;16.07.2024 4:41;166;100
26;20.06.2024 19:20;20.06.2024 19:33;248;40
26;16.10.2024 18:17;16.10.2024 19:43;49;214
26;13.09.2024 18:14;13.09.2024 19:36;179;139
26;25.01.2024 18:35;25.01.2024 19:04;10;149
26;08.09.2024 16:05;08.09.2024 17:21;90;16
26;15.04.2024 22:05;15.04.2024 23:24;59;148
26;20.09.2024 5:56;20.09.2024 7:10;123;180
26;19.02.2024 14:07;19.02.2024 14:29;89;50
26;16.10.2024 23:50;17.10.2024 0:13;5;155
26;01.04.2024 19:37;01.04.2024 20:01;19;166
26;16.07.2024 11:34;16.07.2024 12:42;85;7
26;17.09.2024 9:34;17.09.2024 10:29;172;170
26;15.02.2024 16:09;15.02.2024 16:27;178;153
26;25.09.2024 6:52;25.09.2024 6:58;216;237
26;11.11.2024 20:38;11.11.2024 20:47;225;37
26;10.09.2024 2:53;10.09.2024 2:57;54;63
26;02.04.2024 22:21;02.04.2024 22:33;64;186
26;16.07.2024 17:48;16.07.2024 18:58;55;52
26;04.12.2024 2:15;04.12.2024 2:20;8;206
26;13.05.2024 2:55;13.05.2024 3:18;168;260
26;06.06.2024 11:27;06.06.2024 12:45;79;131
26;11.03.2024 23:18;12.03.2024 0:08;80;81
26;03.01.2024 13:29;03.01.2024 13:34;98;165
26;22.06.2024 16:16;22.06.2024 16:23;10;120
26;08.10.2024 5:45;08.10.2024 6:58;129;122
26;18.06.2024 12:23;18.06.2024 13:28;147;32
26;09.06.2024 4:10;09.06.2024 5:25;192;45
26;10.10.2024 21:32;10.10.2024 22:45;96;126
26;25.07.2024 12:59;25.07.2024 13:20;178;190
26;25.03.2024 23:13;26.03.2024 0:39;7;90
26;25.08.2024 18:43;25.08.2024 19:51;231;17
26;27.03.2024 4:10;27.03.2024 4:42;153;180
26;16.02.2024 2:02;16.02.2024 3:23;94;136
26;26.05.2024 20:55;26.05.2024 21:56;113;133
26;13.01.2024 8:46;13.01.2024 9:09;16;82
26;04.11.2024 10:27;04.11.2024 11:41;151;201
26;28.07.2024 5:47;28.07.2024 6:06;67;129
26;26.05.2024 18:38;26.05.2024 19:44;10;138
26;21.10.2024 12:17;21.10.2024 13:44;168;197
26;24.05.2024 10:17;24.05.2024 11:40;44;257
26;19.02.2024 3:39;19.02.2024 5:04;6;6
26;05.01.2024 19:09;05.01.2024 19:34;4;226
26;11.08.2024 2:09;11.08.2024 2:47;97;12
26;16.07.2024 12:50;16.07.2024 13:37;112;163
26;17.11.2024 14:39;17.11.2024 15:19;154;32
26;06.07.2024 8:04;06.07.2024 8:58;88;135
26;20.04.2024 15:24;20.04.2024 16:33;177;243
26;18.07.2024 5:55;18.07.2024 6:35;181;234
26;18.03.2024 9:59;18.03.2024 10:34;254;244
26;02.10.2024 22:14;02.10.2024 23:30;208;140
26;23.07.2024 14:01;23.07.2024 15:24;112;66
26;27.01.2024 23:21;27.01.2024 23:38;165;223
26;28.09.2024 13:23;28.09.2024 14:38;197;259
26;27.03.2024 15:27;27.03.2024 16:34;256;196
26;07.11.2024 17:56;07.11.2024 19:19;153;46
26;21.08.2024 11:31;21.08.2024 12:18;121;232
26;23.11.2024 8:38;23.11.2024 9:25;85;17
26;24.07.2024 7:07;24.07.2024 7:44;118;191
27;14.10.2024 12:53;14.10.2024 13:10;176;30
27;28.04.2024 5:45;28.04.2024 7:08;248;203
27;01.12.2024 13:02;01.12.2024 14:06;66;152
27;21.06.2024 9:18;21.06.2024 10:21;199;175
27;14.11.2024 17:58;14.11.2024 19:16;155;118
27;09.10.2024 10:13;09.10.2024 10:59;171;10
27;17.12.2024 9:59;17.12.2024 10:56;205;59
27;27.06.2024 14:08;27.06.2024 15:05;168;241
27;13.07.2024 16:11;13.07.2024 17:33;7;49
27;18.03.2024 22:31;18.03.2024 23:10;122;87
27;04.06.2024 16:21;04.06.2024 16:32;200;123
27;12.10.2024 1:16;12.10.2024 2:34;79;206
27;18.05.2024 0:48;18.05.2024 1:17;19;4
27;15.11.2024 19:16;15.11.2024 20:32;56;55
27;11.12.2024 18:37;11.12.2024 18:48;173;147
27;22.05.2024 0:14;22.05.2024 1:09;258;154
27;17.08.2024 0:32;17.08.2024 0:37;37;216
27;08.11.2024 4:55;08.11.2024 5:25;4;188
27;04.02.2024 11:24;04.02.2024 11:26;61;82
27;15.07.2024 17:02;15.07.2024 17:12;123;156
27;17.08.2024 15:12;17.08.2024 15:53;80;190
27;04.02.2024 9:22;04.02.2024 10:52;136;224
27;17.04.2024 11:07;17.04.2024 11:39;67;145
27;16.01.2024 20:04;16.01.2024 21:24;78;132
27;08.07.2024 1:19;08.07.2024 1:23;243;234
27;13.12.2024 14:15;13.12.2024 15:45;233;178
27;12.08.2024 15:09;12.08.2024 15:12;249;174
27;20.06.2024 8:41;20.06.2024 10:01;118;190
27;14.06.2024 14:54;14.06.2024 15:02;61;185
27;11.05.2024 8:18;11.05.2024 9:43;149;16
27;06.12.2024 3:07;06.12.2024 3:33;46;42
27;22.08.2024 7:52;22.08.2024 8:58;30;89
27;07.07.2024 23:20;07.07.2024 23:54;201;107
27;27.08.2024 20:02;27.08.2024 20:04;230;16
27;17.09.2024 20:13;17.09.2024 21:07;89;54
27;16.12.2024 3:59;16.12.2024 5:18;63;53
27;26.06.2024 0:47;26.06.2024 1:44;131;111
27;03.12.2024 13:18;03.12.2024 14:21;4;84
27;09.03.2024 23:41;10.03.2024 0:57;171;253
27;28.08.2024 18:25;28.08.2024 19:51;180;169
27;11.08.2024 23:53;12.08.2024 0:19;216;41
27;09.03.2024 7:00;09.03.2024 7:26;125;123
27;23.07.2024 11:31;23.07.2024 11:40;156;87
27;08.08.2024 0:53;08.08.2024 1:06;20;162
27;01.03.2024 23:31;02.03.2024 0:23;206;11
27;19.09.2024 15:09;19.09.2024 15:18;55;245
27;28.04.2024 17:44;28.04.2024 18:40;15;99
27;16.03.2024 2:05;16.03.2024 3:24;79;121
27;18.02.2024 3:03;18.02.2024 3:33;225;202
27;17.10.2024 5:47;17.10.2024 6:09;229;1
27;15.07.2024 14:19;15.07.2024 15:06;188;11
27;05.09.2024 21:17;05.09.2024 22:47;181;151
27;15.09.2024 21:47;15.09.2024 23:04;119;172
27;03.03.2024 0:32;03.03.2024 1:54;235;60
27;19.10.2024 10:45;19.10.2024 10:48;115;41
27;09.01.2024 7:19;09.01.2024 8:09;104;217
27;24.01.2024 14:11;24.01.2024 15:23;186;215
27;12.06.2024 16:32;12.06.2024 17:49;21;137
27;27.08.2024 21:41;27.08.2024 22:04;151;143
27;06.02.2024 20:15;06.02.2024 20:48;46;183
27;09.03.2024 20:31;09.03.2024 20:59;197;3
27;13.01.2024 4:16;13.01.2024 5:23;11;37
27;20.10.2024 11:16;20.10.2024 12:15;66;42
27;19.12.2024 10:25;19.12.2024 11:49;120;254
27;01.09.2024 22:46;02.09.2024 0:07;252;255
27;13.02.2024 6:46;13.02.2024 7:37;3;7
27;14.01.2024 15:47;14.01.2024 17:17;192;149
27;23.08.2024 23:32;24.08.2024 0:09;162;175
27;18.06.2024 11:58;18.06.2024 12:54;160;259
28;19.08.2024 11:49;19.08.2024 12:07;124;231
28;11.08.2024 18:37;11.08.2024 19:31;163;211
28;02.02.2024 9:50;02.02.2024 11:00;180;203
28;05.08.2024 14:48;05.08.2024 15:35;142;85
28;10.08.2024 3:12;10.08.2024 4:02;185;257
28;16.10.2024 9:25;16.10.2024 9:29;195;158
28;12.01.2024 10:05;12.01.2024 10:12;145;36
28;04.09.2024 23:33;05.09.2024 0:20;232;158
28;24.11.2024 19:19;24.11.2024 20:03;239;13
28;24.11.2024 21:16;24.11.2024 22:32;212;52
28;05.08.2024 1:01;05.08.2024 1:32;216;205
28;15.11.2024 22:19;15.11.2024 23:00;75;91
28;04.12.2024 20:53;04.12.2024 21:19;19;83
28;13.03.2024 23:00;13.03.2024 23:56;80;213
28;23.04.2024 23:44;24.04.2024 1:03;69;73
28;17.08.2024 12:11;17.08.2024 12:41;25;113
28;24.11.2024 3:36;24.11.2024 4:37;23;121
28;10.04.2024 12:08;10.04.2024 13:10;167;217
28;21.09.2024 17:40;21.09.2024 17:58;179;248
28;17.04.2024 16:41;17.04.2024 17:38;48;115
28;13.09.2024 11:56;13.09.2024 13:05;28;211
28;17.01.2024 8:43;17.01.2024 9:45;236;171
28;03.02.2024 10:34;03.02.2024 12:02;208;40
28;02.02.2024 3:57;02.02.2024 4:07;35;67
28;27.12.2024 5:21;27.12.2024 5:27;248;225
28;23.09.2024 5:21;23.09.2024 5:42;216;126
28;16.05.2024 2:19;16.05.2024 2:48;190;168
28;06.08.2024 3:12;06.08.2024 4:31;6;29
28;24.01.2024 3:09;24.01.2024 4:01;239;118
28;15.03.2024 17:56;15.03.2024 18:10;91;44
28;22.11.2024 21:27;22.11.2024 22:53;180;63
28;13.05.2024 1:51;13.05.2024 3:02;31;236
28;04.09.2024 17:07;04.09.2024 18:25;74;242
28;06.10.2024 7:52;06.10.2024 9:21;46;209
28;16.10.2024 11:14;16.10.2024 12:07;3;241
28;28.08.2024 22:41;28.08.2024 23:38;123;46
28;28.04.2024 20:10;28.04.2024 21:14;105;55
28;12.05.2024 0:28;12.05.2024 0:32;33;66
28;01.03.2024 21:13;01.03.2024 21:45;101;47
28;26.03.2024 15:20;26.03.2024 15:23;9;92
28;01.11.2024 16:11;01.11.2024 16:57;196;167
28;16.11.2024 11:40;16.11.2024 11:41;201;124
28;17.07.2024 13:25;17.07.2024 14:26;71;20
28;25.06.2024 2:19;25.06.2024 3:31;182;36
28;03.01.2024 7:31;03.01.2024 8:49;165;191
28;22.05.2024 6:40;22.05.2024 7:33;75;138
28;16.11.2024 20:10;16.11.2024 21:16;55;193
28;07.07.2024 6:43;07.07.2024 7:54;141;152
28;12.08.2024 21:00;12.08.2024 21:15;92;146
28;03.01.2024 21:13;03.01.2024 21:41;257;96
28;26.11.2024 19:28;26.11.2024 20:06;36;4
28;19.05.2024 3:00;19.05.2024 3:44;108;110
28;09.09.2024 16:49;09.09.2024 17:04;17;27
28;11.09.2024 15:16;11.09.2024 16:09;60;169
28;11.04.2024 1:54;11.04.2024 3:04;225;47
28;12.10.2024 16:26;12.10.2024 17:14;99;166
28;24.05.2024 11:36;24.05.2024 12:13;131;51
28;16.04.2024 22:35;16.04.2024 23:31;113;233
28;14.03.2024 9:22;14.03.2024 10:02;122;8
28;16.05.2024 6:20;16.05.2024 7:17;163;105
28;11.01.2024 7:07;11.01.2024 7:32;133;37
28;14.11.2024 22:32;14.11.2024 22:35;134;205
28;07.05.2024 13:58;07.05.2024 15:15;181;128
28;19.04.2024 13:17;19.04.2024 13:22;235;140
28;03.10.2024 13:16;03.10.2024 14:26;162;183
28;08.10.2024 13:35;08.10.2024 13:37;145;6
28;28.02.2024 13:20;28.02.2024 13:45;202;114
28;05.07.2024 19:59;05.07.2024 20:08;169;37
28;01.10.2024 23:53;02.10.2024 0:42;101;228
28;08.11.2024 23:36;09.11.2024 1:04;169;207
28;13.04.2024 0:28;13.04.2024 0:31;82;210
28;24.05.2024 14:35;24.05.2024 15:40;172;114
28;19.07.2024 14:31;19.07.2024 15:26;166;86
28;05.07.2024 16:30;05.07.2024 17:19;231;252
28;11.08.2024 1:42;11.08.2024 2:12;126;213
28;21.05.2024 11:33;21.05.2024 12:59;79;33
28;23.06.2024 15:29;23.06.2024 15:54;62;186
28;17.09.2024 1:31;17.09.2024 2:07;215;52
28;17.01.2024 20:16;17.01.2024 20:50;11;96
28;16.03.2024 17:51;16.03.2024 18:03;23;90
28;25.08.2024 5:04;25.08.2024 6:34;226;241
28;14.09.2024 19:55;14.09.2024 20:42;253;68
28;07.03.2024 11:10;07.03.2024 11:51;121;89
28;19.05.2024 14:16;19.05.2024 15:08;174;147
28;24.09.2024 21:02;24.09.2024 21:48;87;94
28;24.10.2024 16:39;24.10.2024 18:06;23;203
28;14.08.2024 9:27;14.08.2024 10:28;102;42
29;03.01.2024 18:10;03.01.2024 18:38;185;111
29;03.04.2024 3:04;03.04.2024 3:57;250;42
29;22.03.2024 16:00;22.03.2024 16:49;134;252
29;11.06.2024 2:45;11.06.2024 3:30;69;174
29;08.04.2024 22:36;08.04.2024 22:49;171;80
29;15.07.2024 23:47;16.07.2024 0:32;146;190
29;21.05.2024 20:08;21.05.2024 21:17;224;260
29;02.06.2024 14:51;02.06.2024 16:16;213;193
29;06.03.2024 23:12;07.03.2024 0:21;32;225
29;18.12.2024 3:42;18.12.2024 4:17;61;172
29;22.12.2024 13:25;22.12.2024 14:05;98;126
29;28.01.2024 19:53;28.01.2024 20:50;49;203
29;14.03.2024 23:50;15.03.2024 0:12;227;150
29;11.07.2024 6:10;11.07.2024 6:12;213;123
29;17.04.2024 12:55;17.04.2024 13:56;226;97
29;01.08.2024 14:04;01.08.2024 14:42;179;57
29;08.07.2024 8:57;08.07.2024 10:17;129;151
29;24.05.2024 15:30;24.05.2024 16:54;91;254
29;05.08.2024 4:46;05.08.2024 4:58;74;71
29;01.02.2024 2:14;01.02.2024 3:21;179;26
29;13.12.2024 9:46;13.12.2024 9:47;193;95
29;17.12.2024 14:48;17.12.2024 15:22;174;100
29;18.02.2024 4:31;18.02.2024 5:21;152;1
29;02.10.2024 21:05;02.10.2024 21:49;127;103
29;13.11.2024 10:14;13.11.2024 11:12;182;40
29;08.05.2024 6:41;08.05.2024 8:08;55;41
29;18.06.2024 5:30;18.06.2024 6:03;198;80
29;24.07.2024 23:44;25.07.2024 0:45;150;110
29;24.03.2024 5:10;24.03.2024 6:19;27;191
29;16.11.2024 8:32;16.11.2024 8:48;64;202
29;03.05.2024 0:41;03.05.2024 1:07;143;144
29;16.12.2024 23:11;16.12.2024 23:12;27;189
29;14.09.2024 11:52;14.09.2024 12:04;45;113
29;20.11.2024 1:46;20.11.2024 2:54;93;202
29;12.07.2024 20:52;12.07.2024 22:18;139;99
29;06.09.2024 19:09;06.09.2024 20:24;162;235
29;21.12.2024 17:06;21.12.2024 17:26;17;10
29;26.06.2024 20:44;26.06.2024 21:29;208;170
29;24.03.2024 12:51;24.03.2024 14:08;200;104
29;10.01.2024 7:38;10.01.2024 7:50;187;174
29;27.08.2024 5:39;27.08.2024 6:47;29;210
29;17.03.2024 19:44;17.03.2024 21:12;234;8
29;02.05.2024 10:39;02.05.2024 11:39;155;2
29;27.02.2024 4:25;27.02.2024 5:47;60;108
29;20.12.2024 10:10;20.12.2024 10:41;216;256
29;16.11.2024 1:57;16.11.2024 2:05;6;243
29;17.09.2024 7:41;17.09.2024 8:19;205;140
29;10.06.2024 4:44;10.06.2024 5:40;142;257
29;20.05.2024 14:06;20.05.2024 14:56;128;127
29;13.02.2024 3:48;13.02.2024 5:02;163;16
29;25.04.2024 0:13;25.04.2024 1:31;187;28
29;04.02.2024 7:33;04.02.2024 8:36;97;219
29;21.11.2024 14:54;21.11.2024 16:22;2;247
29;28.04.2024 22:04;28.04.2024 22:24;135;92
29;03.06.2024 2:07;03.06.2024 2:40;32;203
29;19.03.2024 7:49;19.03.2024 8:07;129;160
29;14.08.2024 0:40;14.08.2024 1:33;249;189
29;20.06.2024 3:45;20.06.2024 4:44;236;64
29;24.01.2024 20:35;24.01.2024 21:40;213;54
29;21.08.2024 23:51;22.08.2024 0:36;43;85
29;03.06.2024 14:52;03.06.2024 15:06;179;27
29;17.11.2024 21:46;17.11.2024 22:45;168;121
29;01.04.2024 6:24;01.04.2024 6:53;229;114
29;27.09.2024 13:47;27.09.2024 14:12;256;3
29;11.12.2024 14:51;11.12.2024 15:15;168;32
29;25.06.2024 9:03;25.06.2024 10:22;147;106
29;20.09.2024 0:43;20.09.2024 1:51;166;19
29;04.01.2024 15:23;04.01.2024 15:52;51;133
29;12.02.2024 19:30;12.02.2024 19:55;43;95
30;10.10.2024 18:12;10.10.2024 19:15;194;173
30;24.06.2024 6:52;24.06.2024 8:01;125;250
30;16.12.2024 1:41;16.12.2024 2:06;240;133
30;24.02.2024 15:19;24.02.2024 16:09;134;230
30;15.09.2024 11:45;15.09.2024 12:59;231;178
30;16.05.2024 0:52;16.05.2024 2:15;40;43
30;15.09.2024 5:59;15.09.2024 6:50;156;154
30;14.02.2024 6:46;14.02.2024 7:43;140;182
30;11.12.2024 20:56;11.12.2024 21:41;46;102
30;14.06.2024 20:43;14.06.2024 21:23;213;45
30;23.10.2024 12:28;23.10.2024 12:36;113;150
30;17.10.2024 15:00;17.10.2024 15:40;125;255
30;25.09.2024 14:13;25.09.2024 15:35;24;205
30;10.01.2024 20:51;10.01.2024 21:57;46;215
30;25.10.2024 17:21;25.10.2024 18:29;168;111
30;13.02.2024 13:23;13.02.2024 14:24;48;167
30;20.12.2024 15:47;20.12.2024 15:55;233;130
30;15.12.2024 3:15;15.12.2024 4:18;66;77
30;25.08.2024 2:45;25.08.2024 4:06;168;95
30;18.01.2024 12:20;18.01.2024 12:25;12;19
30;01.11.2024 4:12;01.11.2024 5:13;114;237
30;26.09.2024 15:06;26.09.2024 15:29;56;151
30;24.11.2024 1:51;24.11.2024 3:13;12;22
30;26.02.2024 5:09;26.02.2024 6:14;47;79
30;19.09.2024 11:34;19.09.2024 11:43;187;67
30;15.03.2024 10:05;15.03.2024 11:20;187;250
30;24.03.2024 12:34;24.03.2024 14:03;128;122
30;01.01.2024 2:40;01.01.2024 3:43;117;140
30;09.05.2024 14:11;09.05.2024 15:23;146;55
30;05.03.2024 19:54;05.03.2024 20:15;110;183
30;22.09.2024 7:57;22.09.2024 8:57;165;202
30;17.04.2024 8:39;17.04.2024 9:26;200;60
30;13.02.2024 9:47;13.02.2024 10:41;257;88
30;16.05.2024 17:55;16.05.2024 18:16;53;121
30;10.05.2024 20:57;10.05.2024 22:17;257;102
30;21.05.2024 12:31;21.05.2024 12:36;148;164
30;10.05.2024 10:17;10.05.2024 11:37;248;208
30;15.12.2024 7:39;15.12.2024 8:51;212;21
30;04.11.2024 4:32;04.11.2024 4:47;56;66
30;01.03.2024 19:11;01.03.2024 20:20;246;143
30;13.07.2024 13:12;13.07.2024 14:05;258;88
30;05.08.2024 20:16;05.08.2024 21:33;58;42
30;03.05.2024 22:11;03.05.2024 23:22;154;117
30;09.02.2024 21:11;09.02.2024 21:50;155;22
30;06.12.2024 7:22;06.12.2024 8:40;23;127
30;02.08.2024 10:08;02.08.2024 10:10;20;230
30;20.02.2024 21:59;20.02.2024 22:35;90;135
30;27.11.2024 19:19;27.11.2024 20:19;178;94
30;26.08.2024 7:40;26.08.2024 8:02;214;257
30;21.11.2024 13:15;21.11.2024 14:08;119;123
31;01.11.2024 16:00;01.11.2024 16:20;112;160
31;09.06.2024 20:43;09.06.2024 21:58;170;98
31;24.01.2024 4:53;24.01.2024 4:58;158;113
31;23.02.2024 20:06;23.02.2024 21:22;43;59
31;28.02.2024 20:17;28.02.2024 21:00;226;234
31;27.03.2024 9:11;27.03.2024 10:06;15;125
31;17.03.2024 4:03;17.03.2024 4:58;146;74
31;19.01.2024 9:39;19.01.2024 10:40;138;99
31;01.10.2024 18:59;01.10.2024 19:22;209;137
31;14.06.2024 1:54;14.06.2024 2:52;147;251
31;24.03.2024 2:11;24.03.2024 3:08;139;187
31;12.11.2024 2:14;12.11.2024 2:55;150;81
31;02.04.2024 8:29;02.04.2024 9:33;117;44
31;08.10.2024 18:14;08.10.2024 18:43;111;77
31;16.02.2024 12:19;16.02.2024 12:45;89;220
31;19.10.2024 23:40;20.10.2024 0:06;95;123
31;28.03.2024 10:04;28.03.2024 10:09;224;70
31;27.10.2024 2:00;27.10.2024 2:51;201;174
31;18.06.2024 18:07;18.06.2024 19:35;189;206
31;11.04.2024 14:34;11.04.2024 15:15;211;235
31;23.03.2024 8:55;23.03.2024 10:24;145;197
31;20.01.2024 19:44;20.01.2024 20:59;80;148
31;11.01.2024 16:26;11.01.2024 16:29;168;20
31;23.02.2024 7:43;23.02.2024 9:03;115;23
31;18.11.2024 3:39;18.11.2024 4:58;81;193
31;22.04.2024 4:06;22.04.2024 5:12;33;41
31;14.09.2024 19:52;14.09.2024 20:32;234;234
31;09.08.2024 4:13;09.08.2024 5:09;247;203
31;04.06.2024 19:35;04.06.2024 20:53;232;179
31;02.12.2024 6:32;02.12.2024 7:15;249;233
31;07.07.2024 4:44;07.07.2024 5:19;166;198
31;03.08.2024 1:30;03.08.2024 2:14;50;139
31;18.08.2024 21:26;18.08.2024 21:49;68;118
31;19.02.2024 0:47;19.02.2024 1:10;101;9
31;02.05.2024 7:08;02.05.2024 7:23;199;146
31;18.11.2024 23:02;18.11.2024 23:03;129;64
31;06.06.2024 19:46;06.06.2024 20:08;6;22
31;14.09.2024 8:30;14.09.2024 8:39;136;222
31;25.07.2024 6:42;25.07.2024 7:05;63;54
31;28.11.2024 2:03;28.11.2024 2:13;143;239
31;24.07.2024 23:38;25.07.2024 0:07;244;29
31;15.01.2024 16:54;15.01.2024 17:25;112;218
31;27.06.2024 20:49;27.06.2024 21:58;40;231
31;01.08.2024 0:37;01.08.2024 0:52;65;197
31;24.09.2024 19:23;24.09.2024 20:33;45;195
31;16.07.2024 2:15;16.07.2024 3:39;98;48
31;17.01.2024 23:52;18.01.2024 0:38;83;251
31;28.04.2024 14:10;28.04.2024 14:26;205;171
31;07.01.2024 16:16;07.01.2024 16:37;178;147
31;28.07.2024 16:18;28.07.2024 16:25;251;147
31;23.12.2024 0:56;23.12.2024 2:00;197;77
31;23.12.2024 3:39;23.12.2024 4:47;251;51
31;02.12.2024 19:17;02.12.2024 20:06;204;7
31;26.07.2024 7:56;26.07.2024 8:28;4;73
31;01.12.2024 11:18;01.12.2024 12:19;123;235
31;01.09.2024 14:32;01.09.2024 14:45;75;83
31;27.09.2024 14:38;27.09.2024 14:55;134;110
31;13.06.2024 4:00;13.06.2024 4:16;42;100
31;26.04.2024 16:56;26.04.2024 16:58;213;160
31;14.04.2024 21:42;14.04.2024 22:29;187;210
31;23.09.2024 21:11;23.09.2024 21:36;88;128
31;08.11.2024 12:00;08.11.2024 12:03;259;17
31;18.06.2024 7:39;18.06.2024 8:14;44;239
31;09.11.2024 22:42;10.11.2024 0:03;43;71
31;27.04.2024 17:45;27.04.2024 19:10;167;164
31;24.11.2024 15:50;24.11.2024 16:48;39;101
31;28.10.2024 5:02;28.10.2024 5:17;190;242
31;19.08.2024 18:36;19.08.2024 18:37;137;212
31;13.03.2024 8:28;13.03.2024 8:54;225;174
31;23.05.2024 4:14;23.05.2024 4:20;257;59
31;01.02.2024 4:58;01.02.2024 5:46;159;139
31;03.11.2024 20:58;03.11.2024 22:01;78;158
31;21.03.2024 8:40;21.03.2024 8:43;193;188
31;14.07.2024 11:38;14.07.2024 12:54;28;29
32;25.09.2024 18:42;25.09.2024 19:39;235;209
32;19.09.2024 13:36;19.09.2024 13:55;98;230
32;10.11.2024 0:09;10.11.2024 1:23;100;145
32;04.06.2024 8:11;04.06.2024 8:24;36;188
32;04.08.2024 6:14;04.08.2024 7:36;17;232
32;10.02.2024 5:16;10.02.2024 6:12;129;247
32;01.12.2024 4:24;01.12.2024 5:14;258;185
32;26.10.2024 1:20;26.10.2024 1:35;73;59
32;18.06.2024 12:54;18.06.2024 13:47;9;102
32;18.02.2024 2:22;18.02.2024 3:10;253;216
32;27.02.2024 7:51;27.02.2024 7:53;250;20
32;07.01.2024 18:02;07.01.2024 19:22;94;97
33;25.07.2024 21:08;25.07.2024 21:11;247;159
33;01.12.2024 16:58;01.12.2024 17:54;130;206
33;08.04.2024 15:52;08.04.2024 16:27;95;260
33;25.04.2024 9:36;25.04.2024 10:54;183;190
33;09.12.2024 22:08;09.12.2024 22:36;246;183
33;07.02.2024 14:33;07.02.2024 15:45;199;17
33;06.11.2024 21:17;06.11.2024 21:27;108;164
33;21.02.2024 15:41;21.02.2024 17:10;104;254
33;17.02.2024 2:13;17.02.2024 3:01;96;45
33;12.12.2024 0:23;12.12.2024 1:48;182;205
33;22.08.2024 18:53;22.08.2024 19:39;58;12
33;23.01.2024 15:26;23.01.2024 16:31;144;119
33;27.03.2024 16:59;27.03.2024 17:19;90;24
33;22.06.2024 13:50;22.06.2024 14:25;153;65
33;05.02.2024 21:43;05.02.2024 22:37;32;215
33;06.04.2024 10:05;06.04.2024 10:48;188;196
33;21.07.2024 21:45;21.07.2024 21:55;78;119
33;01.01.2024 17:32;01.01.2024 18:01;165;98
33;11.11.2024 21:52;11.11.2024 22:21;260;176
33;18.11.2024 1:17;18.11.2024 1:35;76;141
33;12.01.2024 17:41;12.01.2024 18:54;204;245
33;17.10.2024 1:01;17.10.2024 1:59;237;117
33;04.11.2024 15:21;04.11.2024 15:29;140;170
33;28.09.2024 1:46;28.09.2024 1:56;208;256
33;15.08.2024 11:44;15.08.2024 12:01;188;232
33;17.01.2024 10:34;17.01.2024 10:55;49;198
33;23.12.2024 21:21;23.12.2024 21:34;127;118
33;25.03.2024 15:57;25.03.2024 16:50;104;149
33;15.06.2024 2:01;15.06.2024 2:42;130;51
33;20.05.2024 22:42;20.05.2024 23:28;120;218
33;07.04.2024 10:03;07.04.2024 10:51;114;139
33;05.09.2024 21:15;05.09.2024 21:54;145;144
33;04.01.2024 20:24;04.01.2024 21:32;106;165
33;18.04.2024 3:34;18.04.2024 3:41;109;171
33;21.08.2024 22:43;21.08.2024 22:54;210;214
33;16.04.2024 23:32;17.04.2024 0:14;256;230
33;12.10.2024 1:04;12.10.2024 1:29;184;36
33;07.03.2024 20:17;07.03.2024 21:07;213;132
33;22.02.2024 7:16;22.02.2024 7:27;71;107
33;07.01.2024 23:36;08.01.2024 0:09;195;203
33;15.11.2024 6:19;15.11.2024 6:53;229;219
33;14.09.2024 8:07;14.09.2024 8:21;79;1
33;14.08.2024 21:22;14.08.2024 22:49;187;191
33;07.07.2024 23:23;08.07.2024 0:16;179;232
33;24.12.2024 9:08;24.12.2024 10:02;33;222
33;05.12.2024 0:21;05.12.2024 1:42;89;196
33;26.11.2024 7:22;26.11.2024 7:28;60;130
33;06.08.2024 22:25;06.08.2024 23:23;47;239
33;27.02.2024 7:39;27.02.2024 7:51;97;158
33;10.08.2024 14:35;10.08.2024 14:44;48;115
33;26.04.2024 11:30;26.04.2024 11:51;72;133
33;01.07.2024 6:03;01.07.2024 6:40;161;183
33;20.07.2024 10:21;20.07.2024 11:16;178;37
33;26.03.2024 0:32;26.03.2024 1:02;248;255
33;10.11.2024 12:16;10.11.2024 12:25;10;243
33;19.11.2024 14:08;19.11.2024 14:21;19;77
33;13.02.2024 3:31;13.02.2024 4:16;184;194
33;06.10.2024 0:24;06.10.2024 0:40;234;257
33;27.03.2024 21:41;27.03.2024 22:18;63;189
33;08.12.2024 19:59;08.12.2024 21:07;235;6
33;25.12.2024 7:17;25.12.2024 7:20;67;140
33;13.06.2024 19:35;13.06.2024 20:55;220;42
33;22.06.2024 4:10;22.06.2024 5:16;107;55
33;09.09.2024 15:48;09.09.2024 15:53;223;83
33;19.02.2024 7:54;19.02.2024 8:55;148;77
33;04.04.2024 13:49;04.04.2024 14:31;251;201
33;08.11.2024 20:18;08.11.2024 21:19;49;218
33;25.03.2024 22:13;25.03.2024 22:33;67;30
33;14.05.2024 20:00;14.05.2024 21:07;256;184
33;03.04.2024 9:23;03.04.2024 10:37;58;41
33;22.05.2024 18:52;22.05.2024 18:54;89;60
33;16.10.2024 7:59;16.10.2024 9:19;96;154
33;10.08.2024 10:56;10.08.2024 11:57;204;53
33;16.02.2024 20:07;16.02.2024 21:12;253;61
33;14.10.2024 12:41;14.10.2024 13:58;148;22
33;11.11.2024 2:49;11.11.2024 3:22;177;119
33;12.04.2024 10:34;12.04.2024 12:02;256;195
33;10.04.2024 7:12;10.04.2024 8:36;130;55
33;10.01.2024 8:22;10.01.2024 8:56;48;116
33;14.04.2024 3:42;14.04.2024 4:31;34;257
33;01.12.2024 3:27;01.12.2024 4:25;248;98
33;17.01.2024 2:08;17.01.2024 2:09;121;104
33;27.04.2024 18:01;27.04.2024 19:28;233;249
33;04.12.2024 22:53;04.12.2024 23:13;94;248
33;24.11.2024 10:06;24.11.2024 10:16;214;154
33;25.06.2024 11:55;25.06.2024 12:56;4;239
33;24.10.2024 10:26;24.10.2024 11:43;229;71
33;19.05.2024 6:02;19.05.2024 7:32;221;174
33;26.02.2024 19:01;26.02.2024 20:15;3;177
33;05.05.2024 2:15;05.05.2024 2:54;181;210
33;19.01.2024 10:04;19.01.2024 11:06;91;187
33;11.05.2024 3:11;11.05.2024 3:12;11;174
33;22.12.2024 10:25;22.12.2024 11:48;234;200
34;10.12.2024 16:56;10.12.2024 17:54;94;235
34;10.07.2024 23:41;11.07.2024 0:24;18;72
34;10.02.2024 17:45;10.02.2024 18:07;138;186
34;06.08.2024 9:10;06.08.2024 10:23;86;7
34;22.06.2024 19:30;22.06.2024 20:18;234;248
34;06.09.2024 8:56;06.09.2024 10:13;84;34
34;02.01.2024 16:42;02.01.2024 16:43;29;165
34;17.06.2024 6:08;17.06.2024 7:35;246;187
34;04.10.2024 16:12;04.10.2024 16:43;119;89
34;19.11.2024 17:47;19.11.2024 18:50;101;226
34;22.11.2024 19:07;22.11.2024 19:49;163;127
34;10.11.2024 7:54;10.11.2024 8:15;215;167
34;16.11.2024 18:39;16.11.2024 19:17;5;66
34;19.07.2024 10:47;19.07.2024 10:56;236;40
34;16.06.2024 7:46;16.06.2024 8:41;189;248
34;24.05.2024 15:26;24.05.2024 16:04;213;248
34;21.03.2024 16:18;21.03.2024 16:22;208;258
34;25.06.2024 22:11;25.06.2024 23:08;200;16
34;27.07.2024 6:18;27.07.2024 6:47;125;191
34;22.07.2024 6:07;22.07.2024 6:12;84;138
34;14.06.2024 23:14;15.06.2024 0:35;159;48
34;20.05.2024 13:00;20.05.2024 13:38;124;12
34;03.10.2024 7:43;03.10.2024 9:09;227;159
34;10.06.2024 18:22;10.06.2024 19:41;71;10
34;05.03.2024 11:59;05.03.2024 12:30;164;193
34;28.07.2024 11:33;28.07.2024 13:02;144;155
34;28.06.2024 10:35;28.06.2024 11:30;22;246
34;08.10.2024 9:23;08.10.2024 9:38;178;134
34;13.07.2024 11:17;13.07.2024 11:18;153;188
34;06.03.2024 10:44;06.03.2024 11:54;246;60
34;23.08.2024 12:17;23.08.2024 13:26;172;206
34;24.10.2024 6:12;24.10.2024 7:37;190;248
34;19.12.2024 19:34;19.12.2024 19:57;121;52
34;25.12.2024 8:14;25.12.2024 9:26;101;33
34;11.10.2024 16:19;11.10.2024 17:32;54;39
34;06.03.2024 2:07;06.03.2024 3:05;241;57
34;05.05.2024 8:11;05.05.2024 9:30;129;144
34;28.01.2024 0:11;28.01.2024 1:37;216;107
34;14.08.2024 16:20;14.08.2024 16:54;115;131
34;22.09.2024 1:31;22.09.2024 2:18;180;174
34;01.04.2024 5:06;01.04.2024 5:46;241;103
34;14.10.2024 13:16;14.10.2024 13:27;69;203
34;23.05.2024 0:54;23.05.2024 1:18;149;47
34;23.01.2024 8:39;23.01.2024 9:14;148;119
34;01.07.2024 9:51;01.07.2024 11:03;105;101
34;26.02.2024 0:37;26.02.2024 1:32;239;204
34;27.11.2024 23:56;28.11.2024 0:13;167;196
34;17.01.2024 19:03;17.01.2024 19:16;11;37
34;04.11.2024 22:21;04.11.2024 22:52;216;135
34;25.05.2024 0:55;25.05.2024 1:18;92;60
34;19.08.2024 17:46;19.08.2024 19:08;228;66
34;18.11.2024 9:50;18.11.2024 10:59;219;173
34;07.09.2024 23:41;08.09.2024 0:41;249;161
34;23.06.2024 13:21;23.06.2024 13:33;11;24
34;17.04.2024 21:35;17.04.2024 22:44;130;161
34;07.07.2024 22:36;07.07.2024 23:46;90;155
34;24.05.2024 4:45;24.05.2024 6:01;94;105
34;27.03.2024 6:30;27.03.2024 6:50;223;148
34;07.12.2024 6:16;07.12.2024 7:45;109;146
34;04.04.2024 5:19;04.04.2024 6:10;55;108
34;18.06.2024 22:51;18.06.2024 23:21;71;244
34;11.11.2024 3:04;11.11.2024 4:02;157;216
35;23.05.2024 8:46;23.05.2024 9:24;216;58
35;07.08.2024 11:54;07.08.2024 12:58;199;18
35;21.01.2024 13:09;21.01.2024 14:07;209;93
35;25.07.2024 21:08;25.07.2024 21:19;18;45
35;23.09.2024 16:01;23.09.2024 17:22;14;259
35;11.01.2024 23:21;12.01.2024 0:45;64;180
35;10.12.2024 16:41;10.12.2024 16:46;142;5
35;22.10.2024 10:13;22.10.2024 10:28;93;252
35;11.10.2024 6:11;11.10.2024 6:15;84;57
35;07.02.2024 0:11;07.02.2024 1:37;100;128
35;13.11.2024 19:13;13.11.2024 20:33;103;204
35;16.03.2024 4:08;16.03.2024 4:31;15;31
35;03.10.2024 19:49;03.10.2024 20:27;215;214
35;07.09.2024 20:54;07.09.2024 21:30;74;51
35;24.05.2024 15:29;24.05.2024 16:26;163;81
35;18.03.2024 13:39;18.03.2024 14:59;208;22
35;15.03.2024 22:43;15.03.2024 23:47;7;195
35;07.08.2024 1:33;07.08.2024 2:51;84;214
35;03.02.2024 3:55;03.02.2024 4:06;248;248
35;25.04.2024 1:32;25.04.2024 1:41;27;177
35;06.01.2024 22:31;06.01.2024 23:49;196;174
35;23.02.2024 10:41;23.02.2024 12:05;108;180
35;08.03.2024 2:02;08.03.2024 2:52;13;93
35;25.05.2024 14:15;25.05.2024 15:30;156;151
35;01.11.2024 21:31;01.11.2024 21:43;151;239
35;10.02.2024 8:21;10.02.2024 9:03;61;215
35;18.08.2024 15:36;18.08.2024 16:31;43;49
35;07.09.2024 13:49;07.09.2024 13:54;189;260
35;09.12.2024 11:23;09.12.2024 11:26;80;233
35;11.07.2024 16:59;11.07.2024 18:02;211;239
35;14.05.2024 11:43;14.05.2024 13:07;199;62
35;14.01.2024 10:49;14.01.2024 11:15;71;140
35;28.12.2024 5:33;28.12.2024 7:00;88;71
35;15.03.2024 8:04;15.03.2024 8:06;149;123
35;26.10.2024 13:07;26.10.2024 14:12;23;42
35;19.09.2024 3:25;19.09.2024 3:55;115;191
35;07.06.2024 9:34;07.06.2024 10:07;260;52
35;23.05.2024 5:58;23.05.2024 7:20;84;220
35;10.11.2024 11:57;10.11.2024 13:14;155;54
35;16.12.2024 15:58;16.12.2024 16:22;95;132
35;08.04.2024 10:53;08.04.2024 11:23;247;78
35;24.05.2024 15:18;24.05.2024 16:03;176;29
35;08.06.2024 7:04;08.06.2024 7:12;139;232
35;28.06.2024 5:22;28.06.2024 6:06;28;47
35;13.04.2024 12:11;13.04.2024 12:39;76;8
35;06.10.2024 2:45;06.10.2024 3:04;21;190
35;13.09.2024 5:40;13.09.2024 6:32;56;174
35;24.07.2024 3:02;24.07.2024 3:11;141;167
35;13.11.2024 10:07;13.11.2024 10:51;94;19
35;15.03.2024 11:23;15.03.2024 12:33;45;76
35;21.10.2024 11:34;21.10.2024 12:31;6;136
35;21.11.2024 10:23;21.11.2024 10:53;213;7
35;03.07.2024 17:55;03.07.2024 17:57;58;133
35;01.01.2024 23:17;01.01.2024 23:45;119;134
35;10.05.2024 14:39;10.05.2024 15:20;87;259
35;16.02.2024 0:04;16.02.2024 0:32;168;93
35;24.04.2024 2:34;24.04.2024 3:53;175;236
35;10.11.2024 0:41;10.11.2024 2:06;116;234
35;12.07.2024 14:10;12.07.2024 14:27;108;63
36;15.07.2024 21:55;15.07.2024 22:12;47;143
36;20.08.2024 18:35;20.08.2024 19:09;5;200
36;09.08.2024 8:24;09.08.2024 8:33;245;143
36;09.09.2024 0:37;09.09.2024 1:06;160;256
36;01.10.2024 11:42;01.10.2024 12:45;145;241
36;04.02.2024 4:37;04.02.2024 4:58;141;82
36;15.09.2024 6:48;15.09.2024 7:02;22;117
36;17.09.2024 13:47;17.09.2024 13:58;80;240
36;23.12.2024 7:42;23.12.2024 8:36;217;134
36;21.05.2024 12:44;21.05.2024 13:16;139;122
36;07.10.2024 3:56;07.10.2024 4:03;39;246
36;03.11.2024 11:49;03.11.2024 13:06;163;200
37;23.02.2024 15:51;23.02.2024 17:10;203;56
37;11.11.2024 0:55;11.11.2024 1:14;82;35
37;17.07.2024 16:46;17.07.2024 16:49;148;150
37;20.01.2024 13:01;20.01.2024 14:17;109;56
37;16.12.2024 8:27;16.12.2024 8:46;29;137
37;03.09.2024 17:57;03.09.2024 18:42;14;220
37;25.07.2024 0:40;25.07.2024 2:10;254;161
37;16.05.2024 0:03;16.05.2024 0:19;134;155
37;10.03.2024 18:21;10.03.2024 19:50;213;163
37;04.12.2024 5:30;04.12.2024 6:21;257;108
37;23.09.2024 9:26;23.09.2024 9:55;61;48
37;13.11.2024 11:28;13.11.2024 12:25;33;214
37;12.07.2024 1:56;12.07.2024 2:46;139;32
37;15.09.2024 14:26;15.09.2024 14:59;66;204
37;12.10.2024 5:01;12.10.2024 5:48;93;233
37;05.10.2024 10:30;05.10.2024 10:49;227;13
37;20.12.2024 12:03;20.12.2024 12:09;118;52
37;03.07.2024 16:41;03.07.2024 17:18;158;172
37;12.04.2024 8:12;12.04.2024 8:48;233;226
37;05.09.2024 8:48;05.09.2024 8:53;18;150
37;02.02.2024 7:07;02.02.2024 7:35;39;44
37;10.03.2024 0:28;10.03.2024 1:37;233;168
37;24.07.2024 2:26;24.07.2024 2:48;122;32
37;11.08.2024 14:22;11.08.2024 15:32;95;212
37;19.01.2024 1:56;19.01.2024 3:10;152;3
37;21.04.2024 10:51;21.04.2024 12:10;68;239
37;25.02.2024 21:39;25.02.2024 22:49;194;95
